"designId","banda","nombre_publico","frente_principal","otros_frentes_agrupados","dorsos_asociados","prendas_disponibles","previews_remera","previews_hoodie","previews_buzo","productos_indices_origen","ids_producto_origen","codigo_base","metodo_identidad","casos","alertas","decision","nota_revision"
"epica-20th-anniversary","EPICA","20th Anniversary","images/banda_sugeridas/epica/remera_epica_20th_anniversary.jpg","images/banda_sugeridas/epica/buzo_epica_20th_anniversary.jpg [5016:12]","","remera | hoodie | buzo_cuello_redondo","images/banda_sugeridas/epica/remera_epica_20th_anniversary.jpg","","images/banda_sugeridas/epica/buzo_epica_20th_anniversary.jpg","5016:1 | 5016:12","5016","EA2-5016.V2","transition-name","epica","MÁS DE UN FRENTE AGRUPADO | MISMA IDEA EN VARIAS PRENDAS | PRENDA SIN MOCK | AGRUPADO POR NOMBRE","",""
"epica-aspiral","EPICA","Aspiral","images/banda_sugeridas/epica/remera_epica_aspiral.jpg","","","remera | hoodie | buzo_cuello_redondo","images/banda_sugeridas/epica/remera_epica_aspiral.jpg","","","5016:0","5016","EA2-5016.V1","transition-name","epica","PRENDA SIN MOCK | AGRUPADO POR NOMBRE","",""
"epica-design-your-universe","EPICA","Design Your Universe","images/banda_sugeridas/epica/remera_epica_design_your_universe.jpg","","","remera | hoodie | buzo_cuello_redondo","images/banda_sugeridas/epica/remera_epica_design_your_universe.jpg","","","5016:2","5016","EA2-5016.V3","transition-name","epica","PRENDA SIN MOCK | AGRUPADO POR NOMBRE","",""
"epica-logo","EPICA","Logo","images/banda_sugeridas/epica/remera_epica_logo.jpg","","","remera | hoodie | buzo_cuello_redondo","images/banda_sugeridas/epica/remera_epica_logo.jpg","","","5016:3","5016","EA2-5016.V4","transition-name","epica","PRENDA SIN MOCK | AGRUPADO POR NOMBRE","",""
"epica-omega","EPICA","Omega","images/banda_sugeridas/epica/remera_epica_omega.jpg","images/banda_sugeridas/epica/hoodie_epica_omega.jpg [5016:9]","","remera | hoodie | buzo_cuello_redondo","images/banda_sugeridas/epica/remera_epica_omega.jpg","images/banda_sugeridas/epica/hoodie_epica_omega.jpg","","5016:4 | 5016:9","5016","EA2-5016.V5","transition-name","epica","MÁS DE UN FRENTE AGRUPADO | MISMA IDEA EN VARIAS PRENDAS | PRENDA SIN MOCK | AGRUPADO POR NOMBRE","",""
"epica-omega-alive-dvd","EPICA","Omega Alive DVD","images/banda_sugeridas/epica/remera_epica_omega_alive_dvd.jpg","","","remera | hoodie | buzo_cuello_redondo","images/banda_sugeridas/epica/remera_epica_omega_alive_dvd.jpg","","","5016:5","5016","EA2-5016.V6","transition-name","epica","PRENDA SIN MOCK | AGRUPADO POR NOMBRE","",""
"epica-the-holographic-principle","EPICA","The Holographic Principle","images/banda_sugeridas/epica/remera_epica_the_holographic_principle.jpg","images/banda_sugeridas/epica/hoodie_epica_the_holographic_principle.jpg [5016:10]","","remera | hoodie | buzo_cuello_redondo","images/banda_sugeridas/epica/remera_epica_the_holographic_principle.jpg","images/banda_sugeridas/epica/hoodie_epica_the_holographic_principle.jpg","","5016:7 | 5016:10","5016","EA2-5016.V8","transition-name","epica","MÁS DE UN FRENTE AGRUPADO | MISMA IDEA EN VARIAS PRENDAS | PRENDA SIN MOCK | AGRUPADO POR NOMBRE","",""
"epica-the-phantom-agony","EPICA","The Phantom Agony","images/banda_sugeridas/epica/remera_epica_the_phantom_agony.jpg","images/banda_sugeridas/epica/hoodie_epica_the_phantom_agony.jpg [5016:11]","","remera | hoodie | buzo_cuello_redondo","images/banda_sugeridas/epica/remera_epica_the_phantom_agony.jpg","images/banda_sugeridas/epica/hoodie_epica_the_phantom_agony.jpg","","5016:8 | 5016:11","5016","EA2-5016.V9","transition-name","epica","MÁS DE UN FRENTE AGRUPADO | MISMA IDEA EN VARIAS PRENDAS | PRENDA SIN MOCK | AGRUPADO POR NOMBRE","",""
"epica-the-quantum-enigma","EPICA","The Quantum Enigma","images/banda_sugeridas/epica/remera_epica_quantum.jpg","images/banda_sugeridas/epica/buzo_epica_quantum_enigma.jpg [5016:13]","","remera | hoodie | buzo_cuello_redondo","images/banda_sugeridas/epica/remera_epica_quantum.jpg","","images/banda_sugeridas/epica/buzo_epica_quantum_enigma.jpg","5016:6 | 5016:13","5016","EA2-5016.V7","transition-name","epica","MÁS DE UN FRENTE AGRUPADO | MISMA IDEA EN VARIAS PRENDAS | PRENDA SIN MOCK | AGRUPADO POR NOMBRE","",""
"hammerfall-crimson","HammerFall","Crimson","images/banda_sugeridas/hammerfall/hoodie_hammerfall_crimson.jpg","","","remera | hoodie | buzo_cuello_redondo","","images/banda_sugeridas/hammerfall/hoodie_hammerfall_crimson.jpg","","5089:0","5089","HHS-5089.V1","transition-name","hammerfall","PRENDA SIN MOCK | AGRUPADO POR NOMBRE","",""
"hammerfall-glory-to-the-grave","HammerFall","Glory to the Grave","images/banda_sugeridas/hammerfall/hoodie_hammerfall_glory_to_the_grave.jpg","","","remera | hoodie | buzo_cuello_redondo","","images/banda_sugeridas/hammerfall/hoodie_hammerfall_glory_to_the_grave.jpg","","5089:1","5089","HHS-5089.V2","transition-name","hammerfall","PRENDA SIN MOCK | AGRUPADO POR NOMBRE","",""
"hammerfall-legacy","HammerFall","Legacy","images/banda_sugeridas/hammerfall/hoodie_hammerfall_legacy.jpg","","","remera | hoodie | buzo_cuello_redondo","","images/banda_sugeridas/hammerfall/hoodie_hammerfall_legacy.jpg","","5089:2","5089","HHS-5089.V3","transition-name","hammerfall","PRENDA SIN MOCK | AGRUPADO POR NOMBRE","",""
"hammerfall-renegade","HammerFall","Renegade","images/banda_sugeridas/hammerfall/hoodie_hammerfall_renegade.jpg","","","remera | hoodie | buzo_cuello_redondo","","images/banda_sugeridas/hammerfall/hoodie_hammerfall_renegade.jpg","","5089:3","5089","HHS-5089.V4","transition-name","hammerfall","PRENDA SIN MOCK | AGRUPADO POR NOMBRE","",""
"hammerfall-steel","HammerFall","Steel","images/banda_sugeridas/hammerfall/hoodie_hammerfall_steel.jpg","","","remera | hoodie | buzo_cuello_redondo","","images/banda_sugeridas/hammerfall/hoodie_hammerfall_steel.jpg","","5089:4","5089","HHS-5089.V5","transition-name","hammerfall","PRENDA SIN MOCK | AGRUPADO POR NOMBRE","",""
"iron-maiden-eddie-gaucho-argentino","Iron Maiden","Eddie Gaucho Argentino","images/iron_maiden/remera_iron_maiden_eddie_gaucho_argentino.jpg","images/iron_maiden/hoodie_iron_maiden_eddie_gaucho_argentino.jpg [7040:1] | images/iron_maiden/buzo_iron_maiden_eddie_gaucho_argentino.jpg [7040:2]","","remera | hoodie | buzo_cuello_redondo","images/iron_maiden/remera_iron_maiden_eddie_gaucho_argentino.jpg","images/iron_maiden/hoodie_iron_maiden_eddie_gaucho_argentino.jpg","images/iron_maiden/buzo_iron_maiden_eddie_gaucho_argentino.jpg","7040:0 | 7040:1 | 7040:2","7040","IMEGAF-7040.V1","transition-name","iron-maiden","MÁS DE UN FRENTE AGRUPADO | MISMA IDEA EN VARIAS PRENDAS | AGRUPADO POR NOMBRE","",""
"king-diamond-abigail","King Diamond","Abigail","images/banda_sugeridas/king_diamond/remera_king_diamond_abigail.jpg","","","remera | hoodie | buzo_cuello_redondo","images/banda_sugeridas/king_diamond/remera_king_diamond_abigail.jpg","","","5058:0","5058","KDDS-5058","transition-name","single-design","PRENDA SIN MOCK | AGRUPADO POR NOMBRE","",""
"megadeth-3d","Megadeth","3D","images/fmd-edition-3d/rust/rust_in_peace_3d_edition_frente.jpg","","images/fmd-edition-3d/rust/rust_in_peace_3d_edition_dorso.jpg [4:9]","remera | hoodie | buzo_cuello_redondo","images/fmd-edition-3d/rust/rust_in_peace_3d_edition_frente.jpg","","","4:8 | 4:9","4","RIP-004.V9","transition-name","megadeth","PRENDA SIN MOCK | AGRUPADO POR NOMBRE | NOMBRE A REVISAR","",""
"megadeth-alternate","Megadeth","Alternate","images/albums/Rust_in_peace/alternate-rip.jpg","","images/albums/Rust_in_peace/alternate-rip-dorso.jpg [4:6]","remera | hoodie | buzo_cuello_redondo","images/albums/Rust_in_peace/alternate-rip.jpg","","","4:5 | 4:6","4","RIP-004.V6","transition-name","megadeth","PRENDA SIN MOCK | AGRUPADO POR NOMBRE","",""
"megadeth-lineup","Megadeth","Lineup","images/albums/Rust_in_peace/rust_in_peace_lineup.jpg","","images/albums/Rust_in_peace/rust_in_peace_lineup-dorso.jpg [4:4]","remera | hoodie | buzo_cuello_redondo","images/albums/Rust_in_peace/rust_in_peace_lineup.jpg","","","4:3 | 4:4","4","RIP-004.V4","transition-name","megadeth","PRENDA SIN MOCK | AGRUPADO POR NOMBRE","",""
"megadeth-lineup-v2","Megadeth","Lineup V2","images/albums/Rust_in_peace/rust_in_peace_lineup_v2.jpg","","images/albums/Rust_in_peace/rust_in_peace_lineup-dorso.png [4:10]","remera | hoodie | buzo_cuello_redondo","images/albums/Rust_in_peace/rust_in_peace_lineup_v2.jpg","","","4:7 | 4:10","4","RIP-004.V8","transition-name","megadeth","PRENDA SIN MOCK | AGRUPADO POR NOMBRE | RESOLUCIÓN MANUAL","",""
"megadeth-rust-in-peace","Megadeth","Rust in Peace","images/albums/Rust_in_peace/rust_in_peace.jpg","images/hoddies_fmd/rust_in_peace.jpg [5062:0]","images/albums/Rust_in_peace/rust_in_peace_dorso.jpg [4:1] | images/albums/Rust_in_peace/rust_in_peace_v2-dorso.jpg [4:2]","remera | hoodie | buzo_cuello_redondo","images/albums/Rust_in_peace/rust_in_peace.jpg","images/hoddies_fmd/rust_in_peace.jpg","","4:0 | 5062:0 | 4:1 | 4:2","4 | 5062","RIP-004.V1","transition-name","megadeth | outerwear","MÁS DE UN FRENTE AGRUPADO | MÁS DE UN DORSO | MISMA IDEA EN VARIAS PRENDAS | PRENDA SIN MOCK | AGRUPADO POR NOMBRE","",""
"metallica-band-1984","Metallica","Band 1984","images/metallica/hoodie_metallica_ride_band_1984.jpg","","","remera | hoodie | buzo_cuello_redondo","","images/metallica/hoodie_metallica_ride_band_1984.jpg","","1060:9","1060","RTL-1060.V10","transition-name","metallica","PRENDA SIN MOCK | AGRUPADO POR NOMBRE","",""
"metallica-ride-clasico","Metallica","Ride Clásico","images/metallica/metallica_ride_the_classic.jpg","","images/metallica/metallica_ride_the_classic-dorso.jpg [1060:1]","remera | hoodie | buzo_cuello_redondo","images/metallica/metallica_ride_the_classic.jpg","","","1060:0 | 1060:1","1060","RTL-1060.V1","transition-name","metallica","PRENDA SIN MOCK | AGRUPADO POR NOMBRE","",""
"metallica-ride-mas-oscuro","Metallica","Ride Más Oscuro","images/metallica/metallica_ride_the_darker_light.jpg","","images/metallica/metallica_ride_the_darker_light-dorso.jpg [1060:3]","remera | hoodie | buzo_cuello_redondo","images/metallica/metallica_ride_the_darker_light.jpg","","","1060:2 | 1060:3","1060","RTL-1060.V3","transition-name","metallica","PRENDA SIN MOCK | AGRUPADO POR NOMBRE","",""
"metallica-ride-the-lightning","Metallica","Ride the Lightning","images/metallica/remera_metallica_ride_the_lightning.jpg","images/metallica/hoodie_metallica_ride_the_lightning.jpg [1060:7] | images/metallica/buzo_metallica_ride_the_lightning.jpg [1060:10]","","remera | hoodie | buzo_cuello_redondo","images/metallica/remera_metallica_ride_the_lightning.jpg","images/metallica/hoodie_metallica_ride_the_lightning.jpg","images/metallica/buzo_metallica_ride_the_lightning.jpg","1060:4 | 1060:7 | 1060:10","1060","RTL-1060.V5","transition-name","metallica","MÁS DE UN FRENTE AGRUPADO | MISMA IDEA EN VARIAS PRENDAS | AGRUPADO POR NOMBRE","",""
"metallica-ride-the-lightning-v2","Metallica","Ride the Lightning V2","images/metallica/remera_metallica_ride_v2.jpg","images/metallica/hoodie_metallica_ride_v2.jpg [1060:8]","","remera | hoodie | buzo_cuello_redondo","images/metallica/remera_metallica_ride_v2.jpg","images/metallica/hoodie_metallica_ride_v2.jpg","","1060:5 | 1060:8","1060","RTL-1060.V6","transition-name","metallica","MÁS DE UN FRENTE AGRUPADO | MISMA IDEA EN VARIAS PRENDAS | PRENDA SIN MOCK | AGRUPADO POR NOMBRE","",""
"metallica-ride-the-lightning-v3","Metallica","Ride the Lightning V3","images/metallica/remera_metallica_ride_v3.jpg","","","remera | hoodie | buzo_cuello_redondo","images/metallica/remera_metallica_ride_v3.jpg","","","1060:6","1060","RTL-1060.V7","transition-name","metallica","PRENDA SIN MOCK | AGRUPADO POR NOMBRE","",""
"personalizados-diego-maradona","Personalizados","Diego Maradona","images/personalizado/diego_maradona.jpg","","","remera | hoodie | buzo_cuello_redondo","images/personalizado/diego_maradona.jpg","","","5121:0","5121","DM-5121","transition-name","custom","PRENDA SIN MOCK | AGRUPADO POR NOMBRE","",""
"rhapsody-dawn-of-victory","Rhapsody","Dawn Of Victory","images/banda_sugeridas/rhapsody/remera_rhapsody_dawn_of_victory.jpg","images/banda_sugeridas/rhapsody/hoodie_rhapsody_dawn_of_victory.jpg [5083:10]","","remera | hoodie | buzo_cuello_redondo","images/banda_sugeridas/rhapsody/remera_rhapsody_dawn_of_victory.jpg","images/banda_sugeridas/rhapsody/hoodie_rhapsody_dawn_of_victory.jpg","","5083:0 | 5083:10","5083","RA2-5083.V1","transition-name","rhapsody","MÁS DE UN FRENTE AGRUPADO | MISMA IDEA EN VARIAS PRENDAS | PRENDA SIN MOCK | AGRUPADO POR NOMBRE","",""
"rhapsody-holy-thunderforce","Rhapsody","Holy Thunderforce","images/banda_sugeridas/rhapsody/remera_rhapsody_holy_thunderforce.jpg","","","remera | hoodie | buzo_cuello_redondo","images/banda_sugeridas/rhapsody/remera_rhapsody_holy_thunderforce.jpg","","","5083:9","5083","RA2-5083.V10","transition-name","rhapsody","PRENDA SIN MOCK | AGRUPADO POR NOMBRE","",""
"rhapsody-legendary-tales","Rhapsody","Legendary Tales","images/banda_sugeridas/rhapsody/remera_rhapsody_legendary_tales.jpg","","","remera | hoodie | buzo_cuello_redondo","images/banda_sugeridas/rhapsody/remera_rhapsody_legendary_tales.jpg","","","5083:1","5083","RA2-5083.V2","transition-name","rhapsody","PRENDA SIN MOCK | AGRUPADO POR NOMBRE","",""
"rhapsody-legendary-years","Rhapsody","Legendary Years","images/banda_sugeridas/rhapsody/remera_rhapsody_legendary_years.jpg","images/banda_sugeridas/rhapsody/buzo_rhapsody_legendary_years.jpg [5083:13]","","remera | hoodie | buzo_cuello_redondo","images/banda_sugeridas/rhapsody/remera_rhapsody_legendary_years.jpg","","images/banda_sugeridas/rhapsody/buzo_rhapsody_legendary_years.jpg","5083:2 | 5083:13","5083","RA2-5083.V3","transition-name","rhapsody","MÁS DE UN FRENTE AGRUPADO | MISMA IDEA EN VARIAS PRENDAS | PRENDA SIN MOCK | AGRUPADO POR NOMBRE","",""
"rhapsody-power-of-the-dragon-flame","Rhapsody","Power Of The Dragon Flame","images/banda_sugeridas/rhapsody/remera_rhapsody_power_of_the_dragon_flame.jpg","images/banda_sugeridas/rhapsody/hoodie_rhapsody_power_of_the_dragon_flame.jpg [5083:11]","","remera | hoodie | buzo_cuello_redondo","images/banda_sugeridas/rhapsody/remera_rhapsody_power_of_the_dragon_flame.jpg","images/banda_sugeridas/rhapsody/hoodie_rhapsody_power_of_the_dragon_flame.jpg","","5083:3 | 5083:11","5083","RA2-5083.V4","transition-name","rhapsody","MÁS DE UN FRENTE AGRUPADO | MISMA IDEA EN VARIAS PRENDAS | PRENDA SIN MOCK | AGRUPADO POR NOMBRE","",""
"rhapsody-rain-of-a-thousand-flames","Rhapsody","Rain Of A Thousand Flames","images/banda_sugeridas/rhapsody/remera_rhapsody_raind_of_a_thounsand_flames.jpg","images/banda_sugeridas/rhapsody/hoodie_rhapsody_raind_of_a_thounsand_flames.jpg [5083:12]","","remera | hoodie | buzo_cuello_redondo","images/banda_sugeridas/rhapsody/remera_rhapsody_raind_of_a_thounsand_flames.jpg","images/banda_sugeridas/rhapsody/hoodie_rhapsody_raind_of_a_thounsand_flames.jpg","","5083:4 | 5083:12","5083","RA2-5083.V5","transition-name","rhapsody","MÁS DE UN FRENTE AGRUPADO | MISMA IDEA EN VARIAS PRENDAS | PRENDA SIN MOCK | AGRUPADO POR NOMBRE","",""
"rhapsody-rhapsody","Rhapsody","Rhapsody","images/hoddies_fmd/hoodies_otras_bandas/rapshody.jpg","","","remera | hoodie | buzo_cuello_redondo","","images/hoddies_fmd/hoodies_otras_bandas/rapshody.jpg","","6009:0","6009","HR-6009","transition-name","rhapsody","PRENDA SIN MOCK | AGRUPADO POR NOMBRE | NOMBRE A REVISAR","",""
"rhapsody-symphony-of-enchanted-lands","Rhapsody","Symphony Of Enchanted Lands","images/banda_sugeridas/rhapsody/remera_rhapsody_symphony_of_enchanted_lands.jpg","","","remera | hoodie | buzo_cuello_redondo","images/banda_sugeridas/rhapsody/remera_rhapsody_symphony_of_enchanted_lands.jpg","","","5083:5","5083","RA2-5083.V6","transition-name","rhapsody","PRENDA SIN MOCK | AGRUPADO POR NOMBRE","",""
"rhapsody-symphony-of-enchanted-lands-ii","Rhapsody","Symphony Of Enchanted Lands II","images/banda_sugeridas/rhapsody/remera_rhapsody_symphony_of_enchanted_lands_II.jpg","images/banda_sugeridas/rhapsody/buzo_rhapsody_symphony_of_enchanted_lands_II.jpg [5083:14]","","remera | hoodie | buzo_cuello_redondo","images/banda_sugeridas/rhapsody/remera_rhapsody_symphony_of_enchanted_lands_II.jpg","","images/banda_sugeridas/rhapsody/buzo_rhapsody_symphony_of_enchanted_lands_II.jpg","5083:6 | 5083:14","5083","RA2-5083.V7","transition-name","rhapsody","MÁS DE UN FRENTE AGRUPADO | MISMA IDEA EN VARIAS PRENDAS | PRENDA SIN MOCK | AGRUPADO POR NOMBRE","",""
"rhapsody-tales-from-the-emerald-sword-saga","Rhapsody","Tales From The Emerald Sword Saga","images/banda_sugeridas/rhapsody/remera_rhapsody_tales_from_the_emerald_sword_saga.jpg","","","remera | hoodie | buzo_cuello_redondo","images/banda_sugeridas/rhapsody/remera_rhapsody_tales_from_the_emerald_sword_saga.jpg","","","5083:7","5083","RA2-5083.V8","transition-name","rhapsody","PRENDA SIN MOCK | AGRUPADO POR NOMBRE","",""
"rhapsody-triumph-or-agony","Rhapsody","Triumph Or Agony","images/banda_sugeridas/rhapsody/remera_rhapsody_triumph_or_agony.jpg","images/banda_sugeridas/rhapsody/buzo_rhapsody_triumph_or_agony.jpg [5083:15]","","remera | hoodie | buzo_cuello_redondo","images/banda_sugeridas/rhapsody/remera_rhapsody_triumph_or_agony.jpg","","images/banda_sugeridas/rhapsody/buzo_rhapsody_triumph_or_agony.jpg","5083:8 | 5083:15","5083","RA2-5083.V9","transition-name","rhapsody","MÁS DE UN FRENTE AGRUPADO | MISMA IDEA EN VARIAS PRENDAS | PRENDA SIN MOCK | AGRUPADO POR NOMBRE","",""
"rhapsody-v1-v1","Rhapsody","V1 V1","images/hoddies_fmd/hoodies_otras_bandas/raphsody_v1.jpg","","","remera | hoodie | buzo_cuello_redondo","","images/hoddies_fmd/hoodies_otras_bandas/raphsody_v1.jpg","","6017:0","6017","HRV-6017","transition-name","rhapsody","PRENDA SIN MOCK | AGRUPADO POR NOMBRE","",""
"slayer-angel-of-death","Slayer","Angel Of Death","images/slayer/fmd_originals/remeras/remera_slayer_fmd_angel_of_death.jpg","images/slayer/fmd_originals/hoodies/hoodie_slayer_fmd_angel_of_death.jpg [7123:10] | images/slayer/fmd_originals/buzos/buzo_slayer_fmd_angel_of_death.jpg [7123:19]","","remera | hoodie | buzo_cuello_redondo","images/slayer/fmd_originals/remeras/remera_slayer_fmd_angel_of_death.jpg","images/slayer/fmd_originals/hoodies/hoodie_slayer_fmd_angel_of_death.jpg","images/slayer/fmd_originals/buzos/buzo_slayer_fmd_angel_of_death.jpg","7123:0 | 7123:10 | 7123:19","7123","SFO-7123.V1","transition-name","slayer","MÁS DE UN FRENTE AGRUPADO | MISMA IDEA EN VARIAS PRENDAS | AGRUPADO POR NOMBRE","",""
"slayer-hell-awaits","Slayer","Hell Awaits","images/slayer/fmd_originals/remeras/remera_slayer_fmd_hell_awaits.jpg","images/slayer/fmd_originals/hoodies/hoodie_slayer_fmd_hell_awaits.jpg [7123:11] | images/slayer/fmd_originals/buzos/buzo_slayer_fmd_hell_awaits.jpg [7123:20]","","remera | hoodie | buzo_cuello_redondo","images/slayer/fmd_originals/remeras/remera_slayer_fmd_hell_awaits.jpg","images/slayer/fmd_originals/hoodies/hoodie_slayer_fmd_hell_awaits.jpg","images/slayer/fmd_originals/buzos/buzo_slayer_fmd_hell_awaits.jpg","7123:1 | 7123:11 | 7123:20","7123","SFO-7123.V2","transition-name","slayer","MÁS DE UN FRENTE AGRUPADO | MISMA IDEA EN VARIAS PRENDAS | AGRUPADO POR NOMBRE","",""
"slayer-live-undead","Slayer","Live Undead","images/slayer/fmd_originals/remeras/remera_slayer_fmd_live_undead.jpg","","","remera | hoodie | buzo_cuello_redondo","images/slayer/fmd_originals/remeras/remera_slayer_fmd_live_undead.jpg","","","7123:2","7123","SFO-7123.V3","transition-name","slayer","PRENDA SIN MOCK | AGRUPADO POR NOMBRE","",""
"slayer-logo","Slayer","Logo","images/slayer/fmd_originals/buzos/buzo_slayer_fmd_logo.jpg","","","remera | hoodie | buzo_cuello_redondo","","","images/slayer/fmd_originals/buzos/buzo_slayer_fmd_logo.jpg","7123:21","7123","SFO-7123.V22","transition-name","slayer","PRENDA SIN MOCK | AGRUPADO POR NOMBRE","",""
"slayer-reign-in-blood-3d","Slayer","Reign In Blood 3D","images/slayer/fmd_originals/remeras/remera_slayer_fmd_reign_in_blood_3D.jpg","images/slayer/fmd_originals/hoodies/hoodie_slayer_fmd_reign_in_blood_3D.jpg [7123:12] | images/slayer/fmd_originals/buzos/buzo_slayer_fmd_reign_in_blood_3D.jpg [7123:22]","","remera | hoodie | buzo_cuello_redondo","images/slayer/fmd_originals/remeras/remera_slayer_fmd_reign_in_blood_3D.jpg","images/slayer/fmd_originals/hoodies/hoodie_slayer_fmd_reign_in_blood_3D.jpg","images/slayer/fmd_originals/buzos/buzo_slayer_fmd_reign_in_blood_3D.jpg","7123:3 | 7123:12 | 7123:22","7123","SFO-7123.V4","transition-name","slayer","MÁS DE UN FRENTE AGRUPADO | MISMA IDEA EN VARIAS PRENDAS | AGRUPADO POR NOMBRE","",""
"slayer-reign-in-blood-graphic","Slayer","Reign In Blood Graphic","images/slayer/fmd_originals/remeras/remera_slayer_fmd_reign_in_blood_graphic.jpg","images/slayer/fmd_originals/hoodies/hoodie_slayer_fmd_reign_in_blood_graphic.jpg [7123:13] | images/slayer/fmd_originals/buzos/buzo_slayer_fmd_reign_in_blood_graphic.jpg [7123:23]","","remera | hoodie | buzo_cuello_redondo","images/slayer/fmd_originals/remeras/remera_slayer_fmd_reign_in_blood_graphic.jpg","images/slayer/fmd_originals/hoodies/hoodie_slayer_fmd_reign_in_blood_graphic.jpg","images/slayer/fmd_originals/buzos/buzo_slayer_fmd_reign_in_blood_graphic.jpg","7123:4 | 7123:13 | 7123:23","7123","SFO-7123.V5","transition-name","slayer","MÁS DE UN FRENTE AGRUPADO | MISMA IDEA EN VARIAS PRENDAS | AGRUPADO POR NOMBRE","",""
"slayer-seasons-in-the-abyss","Slayer","Seasons In The Abyss","images/slayer/fmd_originals/remeras/remera_slayer_fmd_seasons_in_the_abyss.jpg","images/slayer/fmd_originals/hoodies/hoodie_slayer_fmd_seasons_in_the_abyss.jpg [7123:14] | images/slayer/fmd_originals/buzos/buzo_slayer_fmd_seasons_in_the_abyss.jpg [7123:24]","","remera | hoodie | buzo_cuello_redondo","images/slayer/fmd_originals/remeras/remera_slayer_fmd_seasons_in_the_abyss.jpg","images/slayer/fmd_originals/hoodies/hoodie_slayer_fmd_seasons_in_the_abyss.jpg","images/slayer/fmd_originals/buzos/buzo_slayer_fmd_seasons_in_the_abyss.jpg","7123:5 | 7123:14 | 7123:24","7123","SFO-7123.V6","transition-name","slayer","MÁS DE UN FRENTE AGRUPADO | MISMA IDEA EN VARIAS PRENDAS | AGRUPADO POR NOMBRE","",""
"slayer-seasons-in-the-abyss-v2","Slayer","Seasons In The Abyss V2","images/slayer/fmd_originals/hoodies/hoodie_slayer_fmd_seasons_in_the_abyss_v2.jpg","","","remera | hoodie | buzo_cuello_redondo","","images/slayer/fmd_originals/hoodies/hoodie_slayer_fmd_seasons_in_the_abyss_v2.jpg","","7123:15","7123","SFO-7123.V16","transition-name","slayer","PRENDA SIN MOCK | AGRUPADO POR NOMBRE","",""
"slayer-show-no-mercy","Slayer","Show No Mercy","images/slayer/fmd_originals/remeras/remera_slayer_fmd_show_no_mercy.jpg","images/slayer/fmd_originals/hoodies/hoodie_slayer_fmd_show_no_mercy.jpg [7123:16] | images/slayer/fmd_originals/buzos/buzo_slayer_fmd_show_no_mercy.jpg [7123:25]","","remera | hoodie | buzo_cuello_redondo","images/slayer/fmd_originals/remeras/remera_slayer_fmd_show_no_mercy.jpg","images/slayer/fmd_originals/hoodies/hoodie_slayer_fmd_show_no_mercy.jpg","images/slayer/fmd_originals/buzos/buzo_slayer_fmd_show_no_mercy.jpg","7123:6 | 7123:16 | 7123:25","7123","SFO-7123.V7","transition-name","slayer","MÁS DE UN FRENTE AGRUPADO | MISMA IDEA EN VARIAS PRENDAS | AGRUPADO POR NOMBRE","",""
"slayer-skull","Slayer","Skull","images/slayer/fmd_originals/remeras/remera_slayer_fmd_skull.jpg","images/slayer/fmd_originals/buzos/buzo_slayer_fmd_skull.jpg [7123:26]","","remera | hoodie | buzo_cuello_redondo","images/slayer/fmd_originals/remeras/remera_slayer_fmd_skull.jpg","","images/slayer/fmd_originals/buzos/buzo_slayer_fmd_skull.jpg","7123:7 | 7123:26","7123","SFO-7123.V8","transition-name","slayer","MÁS DE UN FRENTE AGRUPADO | MISMA IDEA EN VARIAS PRENDAS | PRENDA SIN MOCK | AGRUPADO POR NOMBRE","",""
"slayer-soldier-v2-graphic","Slayer","Soldier V2 Graphic","images/slayer/fmd_originals/buzos/buzo_slayer_fmd_soldier_v2_graphic.jpg","","","remera | hoodie | buzo_cuello_redondo","","","images/slayer/fmd_originals/buzos/buzo_slayer_fmd_soldier_v2_graphic.jpg","7123:27","7123","SFO-7123.V28","transition-name","slayer","PRENDA SIN MOCK | AGRUPADO POR NOMBRE","",""
"slayer-soldiers","Slayer","Soldiers","images/slayer/fmd_originals/remeras/remera_slayer_fmd_soldiers.jpg","","","remera | hoodie | buzo_cuello_redondo","images/slayer/fmd_originals/remeras/remera_slayer_fmd_soldiers.jpg","","","7123:8","7123","SFO-7123.V9","transition-name","slayer","PRENDA SIN MOCK | AGRUPADO POR NOMBRE","",""
"slayer-south-of-heaven","Slayer","South Of Heaven","images/slayer/fmd_originals/remeras/remera_slayer_fmd_south_of_heaven.jpg","images/slayer/fmd_originals/hoodies/hoodie_slayer_fmd_south_of_heaven.jpg [7123:17]","","remera | hoodie | buzo_cuello_redondo","images/slayer/fmd_originals/remeras/remera_slayer_fmd_south_of_heaven.jpg","images/slayer/fmd_originals/hoodies/hoodie_slayer_fmd_south_of_heaven.jpg","","7123:9 | 7123:17","7123","SFO-7123.V10","transition-name","slayer","MÁS DE UN FRENTE AGRUPADO | MISMA IDEA EN VARIAS PRENDAS | PRENDA SIN MOCK | AGRUPADO POR NOMBRE","",""
"slayer-south-of-heaven-graphic","Slayer","South Of Heaven Graphic","images/slayer/fmd_originals/buzos/buzo_slayer_fmd_south_of_heaven_graphic.jpg","","","remera | hoodie | buzo_cuello_redondo","","","images/slayer/fmd_originals/buzos/buzo_slayer_fmd_south_of_heaven_graphic.jpg","7123:28","7123","SFO-7123.V29","transition-name","slayer","PRENDA SIN MOCK | AGRUPADO POR NOMBRE","",""
"slayer-throne","Slayer","Throne","images/slayer/fmd_originals/hoodies/hoodie_slayer_fmd_throne.jpg","","","remera | hoodie | buzo_cuello_redondo","","images/slayer/fmd_originals/hoodies/hoodie_slayer_fmd_throne.jpg","","7123:18","7123","SFO-7123.V19","transition-name","slayer","PRENDA SIN MOCK | AGRUPADO POR NOMBRE","",""
