"destacado_fmd_si_no","categoria_curada","design_id","slug","nombre_visible","ids_origen","categoria_album_actual","tags_actuales","imagen_principal","destacado_actual","visibility_tier_actual","commercial_priority_actual"
"","","cd-megadeth-02-the-condemned-toxic-green--p1065","cd-megadeth-02-the-condemned-toxic-green-p1065","02 - The Condemned Toxic Green","1065","Singles","Megadeth | Megadeth Vault | Thrash Metal | remera | Megadeth Archive | Megadeth Singles","images/singles/02 - the_condemned-toxic_green.jpg","NO","archive","58"
"","","cd-megadeth-03-vic-the-executor-white--p1065","cd-megadeth-03-vic-the-executor-white-p1065","03 - Vic The Executor White","1065","Singles","Megadeth | Megadeth Vault | Thrash Metal | remera | Megadeth Archive | Megadeth Singles","images/singles/03 - vic_the_executor_white.jpg","NO","archive","58"
"","","cd-megadeth-04-vic-the-executor-red--p1065","cd-megadeth-04-vic-the-executor-red-p1065","04 - Vic The Executor Red","1065","Singles","Megadeth | Megadeth Vault | Thrash Metal | remera | Megadeth Archive | Megadeth Singles","images/singles/04 - vic_the_executor_red.jpg","NO","archive","58"
"","","cd-megadeth-05-the-switch--p1065","cd-megadeth-05-the-switch-p1065","05 - The Switch","1065","Singles","Megadeth | Megadeth Vault | Thrash Metal | remera | Megadeth Archive | Megadeth Singles","images/singles/05 - the_switch.jpg","NO","archive","58"
"","","cd-megadeth-13-3d-v1--p14","cd-megadeth-13-3d-v1-p14","13 3D V1","14","Album | TH1RT3EN","Megadeth | Megadeth Vault | Thrash Metal | TH1RT3EN | remera | Megadeth Archive | Megadeth Albums","images/fmd-edition-3d/thirteen/13_3d_fmd_edition_v1.jpg","NO","catalog","66"
"","","cd-megadeth-13-3d-v2--p14","cd-megadeth-13-3d-v2-p14","13 3D V2","14","Album | TH1RT3EN","Megadeth | Megadeth Vault | Thrash Metal | TH1RT3EN | remera | Megadeth Archive | Megadeth Albums","images/fmd-edition-3d/thirteen/13_3d_fmd_edition_v2.jpg","NO","catalog","66"
"","","cd-megadeth-13-fmd-edition--p14","cd-megadeth-13-fmd-edition-p14","13 FMD Edition","14","Album | TH1RT3EN","Megadeth | Megadeth Vault | Thrash Metal | TH1RT3EN | remera | Megadeth Archive | Megadeth Albums","images/fmd-edition-3d/thirteen/13_fmd_edition.jpg","NO","catalog","66"
"","","cd-megadeth-1990-cte--p29","cd-megadeth-1990-cte-p29","1990 CTE","29","Musician","Megadeth | Megadeth Vault | Thrash Metal | remera | Megadeth Archive | Megadeth Members","images/musicians/Marty_Friedman/Marty_1990_cte.jpg","NO","catalog","56"
"","","cd-megadeth-1990-rip--p29","cd-megadeth-1990-rip-p29","1990 RIP","29","Musician","Megadeth | Megadeth Vault | Thrash Metal | remera | Megadeth Archive | Megadeth Members","images/musicians/Marty_Friedman/Marty_1990_RIP.jpg","NO","catalog","56"
"","","cd-megadeth-1992-firma--p29","cd-megadeth-1992-firma-p29","1992 FIRMA","29","Musician","Megadeth | Megadeth Vault | Thrash Metal | remera | Megadeth Archive | Megadeth Members","images/musicians/Marty_Friedman/Marty_1992_FIRMA.jpg","NO","catalog","56"
"","","cd-megadeth-1992-v1--p2801","cd-megadeth-1992-v1-p2801","1992 V1","2801","Dave Mustaine | Countdown to Extinction","Megadeth | Megadeth Vault | Thrash Metal | Countdown to Extinction | remera | Megadeth Archive | Dave Mustaine Spotlight","images/musicians/Dave_Mustaine/dave_1992_v1.jpg","NO","catalog","60"
"","","cd-megadeth-3d--p15","cd-megadeth-3d-p15","3D","15","Album | Super Collider","Megadeth | Megadeth Vault | Thrash Metal | Super Collider | remera | Megadeth Archive | Megadeth Albums","images/fmd-edition-3d/supercollider/supercollider_3d_edition.jpg","NO","catalog","66"
"","","cd-megadeth-92-live--p2801","cd-megadeth-92-live-p2801","92 Live","2801","Dave Mustaine | Countdown to Extinction","Megadeth | Megadeth Vault | Thrash Metal | Countdown to Extinction | remera | Megadeth Archive | Dave Mustaine Spotlight","images/musicians/Dave_Mustaine/dave_92_live.jpg","NO","catalog","60"
"","","cd-megadeth-92-live-black--p2801","cd-megadeth-92-live-black-p2801","92 Live Black","2801","Dave Mustaine | Countdown to Extinction","Megadeth | Megadeth Vault | Thrash Metal | Countdown to Extinction | remera | Megadeth Archive | Dave Mustaine Spotlight","images/musicians/Dave_Mustaine/dave_92_live_black.jpg","NO","catalog","60"
"","","cd-megadeth-aguante-megadeth--p6020","cd-megadeth-aguante-megadeth-p6020","Aguante Megadeth","6020","Dave Mustaine","Megadeth | Megadeth Vault | Thrash Metal | remera | Megadeth Archive | Dave Mustaine Spotlight","images/musicians/Dave_Mustaine/aguante_megadeth_frente.jpg","NO","catalog","60"
"","","cd-megadeth-rust-in-peace--alternate","cd-megadeth-rust-in-peace-alternate","Alternate","4","Album | Rust in Peace","Megadeth | Megadeth Vault | Thrash Metal | FMD Editions | Rust in Peace | remera | Megadeth Albums","images/albums/Rust_in_peace/alternate-rip.jpg","SI","featured","89"
"","","cd-megadeth-so-far-so-good--alternative","cd-megadeth-so-far-so-good-alternative","Alternative","3","Album | So Far, So Good... So What!","Megadeth | Megadeth Vault | Thrash Metal | So Far, So Good... So What! | remera | Megadeth Archive | Megadeth Albums","images/albums/SFSGSW/2-sfsgsw_alternative.jpg","NO","catalog","66"
"","","cd-megadeth-youthanasia--alternative-art","cd-megadeth-youthanasia-alternative-art","Alternative Art","6","Album | Youthanasia","Megadeth | Megadeth Vault | Thrash Metal | Youthanasia | remera | Megadeth Archive | Megadeth Albums","images/albums/Youthanasia/youth_alternative_art.jpg","NO","catalog","66"
"","","cd-megadeth-so-far-so-good--alternative-fmd","cd-megadeth-so-far-so-good-alternative-fmd","Alternative FMD","3","Album | So Far, So Good... So What!","Megadeth | Megadeth Vault | Thrash Metal | So Far, So Good... So What! | remera | Megadeth Archive | Megadeth Albums","images/albums/SFSGSW/mary_jane_remastered.jpg","NO","catalog","66"
"","","cd-megadeth-anatomy-of-vic-v1--p1064","cd-megadeth-anatomy-of-vic-v1-p1064","Anatomy of Vic v1","1064","VicRattlehead","Megadeth | Megadeth Vault | Thrash Metal | remera | Megadeth Archive | Vic Rattlehead","images/vic_rattlehead/anatomy_of_vic_v1.jpg","NO","archive","45"
"","","cd-megadeth-anatomy-of-vic-v2--p1064","cd-megadeth-anatomy-of-vic-v2-p1064","Anatomy of Vic v2","1064","VicRattlehead","Megadeth | Megadeth Vault | Thrash Metal | remera | Megadeth Archive | Vic Rattlehead","images/vic_rattlehead/anatomy_of_vic_v2.jpg","NO","archive","45"
"","","cd-megadeth-anatomy-of-vic-v3--p1064","cd-megadeth-anatomy-of-vic-v3-p1064","Anatomy of Vic v3","1064","VicRattlehead","Megadeth | Megadeth Vault | Thrash Metal | remera | Megadeth Archive | Vic Rattlehead","images/vic_rattlehead/anatomy_of_vic_v3.jpg","NO","archive","45"
"","","cd-megadeth-argentina-v1--p6014","cd-megadeth-argentina-v1-p6014","Argentina V1","6014","Dave Mustaine","Dave Mustaine | Megadeth | Argentina | Tour | Buenos Aires | Dorso","images/musicians/Dave_Mustaine/dave_mustaine_argv1.jpg","SI","hero","90"
"","","cd-megadeth-megadeth--arsenal-fmd-edition","cd-megadeth-megadeth-arsenal-fmd-edition","Arsenal FMD Edition","6028","VicRattlehead","Megadeth | VicRattlehead | Vic Rattlehead | Nuevo | FMD Edition","images/fmd-edition-3d/vic_tour_2026/arsenal_fmd_edition.jpg","SI","hero","94"
"","","cd-megadeth-rusted-pieces--atlas-v1","cd-megadeth-rusted-pieces-atlas-v1","Atlas V1","236","Singles","Megadeth | Megadeth Vault | Thrash Metal | remera | Megadeth Archive | Megadeth Singles","images/singles/rusted_pieces_artv1.jpg","NO","catalog","58"
"","","cd-megadeth-rusted-pieces--atlas-v2","cd-megadeth-rusted-pieces-atlas-v2","Atlas V2","236","Singles","Megadeth | Megadeth Vault | Thrash Metal | remera | Megadeth Archive | Megadeth Singles","images/singles/rusted_pieces_artv2.jpg","NO","catalog","58"
"","","cd-megadeth-blanca-v1--p6022","cd-megadeth-blanca-v1-p6022","Blanca — V1","6022","Orígenes","Megadeth | Megadeth Vault | Thrash Metal | remera | Megadeth Archive","images/orígenes/frente_blanca_v1.png","NO","catalog","55"
"","","cd-megadeth-blanca-v2--p6022","cd-megadeth-blanca-v2-p6022","Blanca — V2","6022","Orígenes","Megadeth | Megadeth Vault | Thrash Metal | remera | Megadeth Archive","images/orígenes/frente_blanca_v2.png","NO","catalog","55"
"","","cd-megadeth-blanco--p304","cd-megadeth-blanco-p304","Blanco","304","VicRattlehead | Peace Sells... but Who's Buying?","Megadeth | Megadeth Vault | Thrash Metal | Peace Sells... but Who's Buying? | remera | Megadeth Archive | Vic Rattlehead","images/vic_rattlehead/vic_my_last_blanco.jpg","NO","catalog","45"
"","","cd-megadeth-megadeth-blanco--blanco","cd-megadeth-megadeth-blanco-blanco","Blanco","5060","Hoodies FMD","Megadeth | Megadeth Vault | Thrash Metal | hoodie | Megadeth Archive","images/hoddies_fmd/megadeth_final_white.jpg","SI","featured","78"
"","","cd-megadeth-vic-tour--blanco-fmd","cd-megadeth-vic-tour-blanco-fmd","Blanco FMD","320","Tour","Megadeth | Megadeth Vault | Thrash Metal | remera | Megadeth Archive | Tour Archive","images/tours/Tour_2026/vic_tour_2026_blancoFMD.jpg","NO","catalog","62"
"","","cd-megadeth-megadeth-blanco--blanco-fmd","cd-megadeth-megadeth-blanco-blanco-fmd","Blanco FMD","7014","Buzo Cuello Redondo","Megadeth | Megadeth Vault | Thrash Metal | FMD Editions | buzo_cuello_redondo | Megadeth Archive","images/buzos cuello redondo/megadeth_blanco.jpg","NO","catalog","64"
"","","cd-megadeth-bn-90s--p2802","cd-megadeth-bn-90s-p2802","BN 90s","2802","Dave Mustaine | Rust in Peace","Megadeth | Megadeth Vault | Thrash Metal | Rust in Peace | remera | Megadeth Archive | Dave Mustaine Spotlight","images/musicians/Dave_Mustaine/Dave_Mustaine_BN_90s.jpg","NO","catalog","60"
"","","cd-megadeth-peace-sells--but-who-s-buying","cd-megadeth-peace-sells-but-who-s-buying","But Who's Buying","2","Album | Peace Sells... but Who's Buying?","Megadeth | Megadeth Vault | Thrash Metal | FMD Editions | Peace Sells... but Who's Buying? | remera | Megadeth Albums","images/albums/Peace_sells/peace_sells_but_whos_buying.jpg","SI","featured","87"
"","","cd-megadeth-caballo--p39","cd-megadeth-caballo-p39","Caballo","39","Tour","Megadeth | Megadeth Vault | Thrash Metal | remera | Megadeth Archive | Tour Archive | Argentina 2026","images/tours/Vic_Gaucho_Argentino/vic_gaucho_caballo.jpg","NO","catalog","62"
"","","cd-megadeth-countdown-to-extinction--circular","cd-megadeth-countdown-to-extinction-circular","Circular","5","Album | Countdown to Extinction","Megadeth | Megadeth Vault | Thrash Metal | Countdown to Extinction | remera | hoodie | buzo_cuello_redondo | Megadeth Archive | Megadeth Albums","images/albums/Countdown_to_extinction/countdown_circular.jpg","NO","catalog","66"
"","","cd-megadeth-cryptic-writings--comic","cd-megadeth-cryptic-writings-comic","Comic","8","Album | Cryptic Writings","Megadeth | Megadeth Vault | Thrash Metal | Cryptic Writings | remera | Megadeth Archive | Megadeth Albums","images/albums/Cryptic_Writings/cryptic_writings_comic.jpg","NO","catalog","66"
"","","cd-megadeth-countdown--p5055","cd-megadeth-countdown-p5055","Countdown","5055","Hoodies FMD | Countdown to Extinction","Megadeth | Megadeth Vault | Thrash Metal | Countdown to Extinction | hoodie | Megadeth Archive","images/hoddies_fmd/countdown.jpg","SI","featured","78"
"","","cd-megadeth-countdown-to-extinction--countdown-3d-edition","cd-megadeth-countdown-to-extinction-countdown-3d-edition","Countdown 3D Edition","5","Album | Countdown to Extinction","Megadeth | Megadeth Vault | Thrash Metal | Countdown to Extinction | remera | hoodie | buzo_cuello_redondo | Megadeth Archive | Megadeth Albums","images/fmd-edition-3d/countdown/countdown_3d_edition.jpg","NO","catalog","66"
"","","megadeth-countdown-band","countdown-band","Countdown Band","5","Album | Countdown to Extinction","Megadeth | Megadeth Vault | Thrash Metal | Countdown to Extinction | remera | hoodie | buzo_cuello_redondo | Megadeth Archive | Megadeth Albums","images/albums/Countdown_to_extinction/remera_megadeth_countdown_band.jpg","NO","catalog","66"
"","","cd-megadeth-countdown-to-extinction--p5-v1","cd-megadeth-countdown-to-extinction-p5-v1","Countdown to Extinction","5","Album | Countdown to Extinction","Megadeth | Megadeth Vault | Thrash Metal | Countdown to Extinction | remera | hoodie | buzo_cuello_redondo | Megadeth Archive | Megadeth Albums","images/albums/Countdown_to_extinction/countdown_to_extinction_frente.jpg","NO","catalog","66"
"","","megadeth-countdown-to-extinction","countdown-to-extinction","Countdown to Extinction","5","Album | Countdown to Extinction","Megadeth | Megadeth Vault | Thrash Metal | Countdown to Extinction | remera | hoodie | buzo_cuello_redondo | Megadeth Archive | Megadeth Albums","images/albums/Countdown_to_extinction/remera_megadeth_countdown_to_extinction.jpg","NO","catalog","66"
"","","cd-megadeth-countdown-to-extinction--countdown-to-extinction-fmd","cd-megadeth-countdown-to-extinction-countdown-to-extinction-fmd","Countdown to Extinction FMD","5 | 7004","Album | Buzo Cuello Redondo | Countdown to Extinction","Megadeth | Megadeth Vault | Thrash Metal | Countdown to Extinction | remera | hoodie | buzo_cuello_redondo | Megadeth Archive | Megadeth Albums | FMD Editions","images/albums/Countdown_to_extinction/countdown_fmd.jpg","SI","catalog | featured","78"
"","","cd-megadeth-countdown-v2--p5055","cd-megadeth-countdown-v2-p5055","Countdown v2","5055","Hoodies FMD | Countdown to Extinction","Megadeth | Megadeth Vault | Thrash Metal | Countdown to Extinction | hoodie | Megadeth Archive","images/hoddies_fmd/countdown_v2.jpg","SI","featured","78"
"","","megadeth-countdown-vic-band","countdown-vic-band","Countdown Vic & Band","5","Album | Countdown to Extinction","Megadeth | Megadeth Vault | Thrash Metal | Countdown to Extinction | remera | hoodie | buzo_cuello_redondo | Megadeth Archive | Megadeth Albums","images/albums/Countdown_to_extinction/remera_megadeth_countdown_bandV2.jpg","NO","catalog","66"
"","","cd-megadeth-countdown-vic-v1--p5124","cd-megadeth-countdown-vic-v1-p5124","Countdown Vic v1","5124","VicRattlehead | Countdown to Extinction","Megadeth | Megadeth Vault | Thrash Metal | Countdown to Extinction | remera | Megadeth Archive | Vic Rattlehead","images/vic_rattlehead/countdown_vic_v1.jpg","NO","catalog","45"
"","","cd-megadeth-countdown-vic-v2--p5124","cd-megadeth-countdown-vic-v2-p5124","Countdown Vic v2","5124","VicRattlehead | Countdown to Extinction","Megadeth | Megadeth Vault | Thrash Metal | Countdown to Extinction | remera | Megadeth Archive | Vic Rattlehead","images/vic_rattlehead/countdown_vic_v2.jpg","NO","catalog","45"
"","","cd-megadeth-cryptic-writings--cryptic-3d","cd-megadeth-cryptic-writings-cryptic-3d","Cryptic 3D","8","Album | Cryptic Writings","Megadeth | Megadeth Vault | Thrash Metal | Cryptic Writings | remera | Megadeth Archive | Megadeth Albums","images/fmd-edition-3d/cryptic/cryptic_3d_edition.jpg","NO","catalog","66"
"","","cd-megadeth-cryptic-writings--cryptic-writings","cd-megadeth-cryptic-writings-cryptic-writings","Cryptic Writings","5065","Hoodies FMD | Cryptic Writings","Megadeth | Megadeth Vault | Thrash Metal | Cryptic Writings | hoodie | Megadeth Archive","images/hoddies_fmd/cryptic.jpg","SI","featured","78"
"","","cd-megadeth-cryptic-writings--cryptic-writings-art","cd-megadeth-cryptic-writings-cryptic-writings-art","Cryptic Writings Art","8","Album | Cryptic Writings","Megadeth | Megadeth Vault | Thrash Metal | Cryptic Writings | remera | Megadeth Archive | Megadeth Albums","images/albums/Cryptic_Writings/cryptic_writings_art.jpg","NO","catalog","66"
"","","cd-megadeth-cte-era--p30","cd-megadeth-cte-era-p30","CTE Era","30","Musician","Megadeth | Megadeth Vault | Thrash Metal | remera | Megadeth Archive | Megadeth Members","images/musicians/Nick_Menza/nick_menza_cte_era.jpg","NO","catalog","56"
"","","cd-megadeth-rusted-pieces--darker","cd-megadeth-rusted-pieces-darker","Darker","236","Singles","Megadeth | Megadeth Vault | Thrash Metal | remera | Megadeth Archive | Megadeth Singles","images/singles/rusted_pieces_darker.jpg","NO","catalog","58"
"","","cd-megadeth-darker-edition--p419","cd-megadeth-darker-edition-p419","Darker Edition","419","VicRattlehead","Megadeth | Megadeth Vault | Thrash Metal | remera | Megadeth Archive | Vic Rattlehead","images/vic_rattlehead/vic_darker_edition.jpg","NO","archive","45"
"","","cd-megadeth-dave-90s-rip-live--p2802","cd-megadeth-dave-90s-rip-live-p2802","Dave 90s RIP Live","2802","Dave Mustaine | Rust in Peace","Megadeth | Megadeth Vault | Thrash Metal | Rust in Peace | remera | Megadeth Archive | Dave Mustaine Spotlight","images/musicians/Dave_Mustaine/dave_90s_rip_live.jpg","NO","catalog","60"
"","","cd-megadeth-dave-and-vic-live--p2815","cd-megadeth-dave-and-vic-live-p2815","Dave and Vic Live","2815","Dave Mustaine | Rust in Peace","Megadeth | Megadeth Vault | Thrash Metal | Rust in Peace | remera | Megadeth Archive | Dave Mustaine Spotlight","images/musicians/Dave_Mustaine/dave_and_vic_live.jpg","NO","catalog","60"
"","","cd-megadeth-dave-and-vic-live--p5050","cd-megadeth-dave-and-vic-live-p5050","Dave and Vic Live","5050","VicRattlehead","Megadeth | Megadeth Vault | Thrash Metal | remera | Megadeth Archive | Vic Rattlehead","images/vic_rattlehead/dave_and_vic_live.jpg","NO","archive","45"
"","","cd-megadeth-dave-angel-of-deth--p2811","cd-megadeth-dave-angel-of-deth-p2811","Dave Angel of Deth","2811","Dave Mustaine","Megadeth | Megadeth Vault | Thrash Metal | remera | Megadeth Archive | Dave Mustaine Spotlight","images/musicians/Dave_Mustaine/dave_mustaine_angel_of_deth.jpg","NO","catalog","60"
"","","cd-megadeth-dave-final-show--p40","cd-megadeth-dave-final-show-p40","Dave Final Show","40","Tour","Megadeth | Megadeth Vault | Thrash Metal | remera | Megadeth Archive | Tour Archive | Argentina 2026","images/tours/Tour_argentina/dave_final_show_frente.jpg","NO","catalog","62"
"","","cd-megadeth-dave-fuck-you--p2806","cd-megadeth-dave-fuck-you-p2806","Dave Fuck You","2806","Dave Mustaine","Megadeth | Megadeth Vault | Thrash Metal | remera | Megadeth Archive | Dave Mustaine Spotlight","images/musicians/Dave_Mustaine/frente_dave_fuck_you.jpg","NO","catalog","60"
"","","cd-megadeth-dave-mustaine-fmd--p7008","cd-megadeth-dave-mustaine-fmd-p7008","Dave Mustaine FMD","7008","Buzo Cuello Redondo","Megadeth | Megadeth Vault | Thrash Metal | FMD Editions | buzo_cuello_redondo | Megadeth Archive","images/buzos cuello redondo/megadeth_dave_mustainejpg.jpg","NO","catalog","64"
"","","cd-megadeth-dave-sfsgsw-era--p5056","cd-megadeth-dave-sfsgsw-era-p5056","Dave SFSGSW Era","5056","Hoodies FMD | So Far, So Good... So What!","Megadeth | Megadeth Vault | Thrash Metal | So Far, So Good... So What! | hoodie | Megadeth Archive","images/hoddies_fmd/dave_sfsgsw_era.jpg","NO","catalog","64"
"","","cd-megadeth-dave-so-far-era--p2814","cd-megadeth-dave-so-far-era-p2814","Dave So Far Era","2814","Dave Mustaine | So Far, So Good... So What!","Megadeth | Megadeth Vault | Thrash Metal | So Far, So Good... So What! | remera | Megadeth Archive | Dave Mustaine Spotlight","images/musicians/Dave_Mustaine/dave_so_far_era.jpg","NO","catalog","60"
"","","cd-megadeth-dave-so-far-era-v2--p2814","cd-megadeth-dave-so-far-era-v2-p2814","Dave So Far Era V2","2814","Dave Mustaine | So Far, So Good... So What!","Megadeth | Megadeth Vault | Thrash Metal | So Far, So Good... So What! | remera | Megadeth Archive | Dave Mustaine Spotlight","images/musicians/Dave_Mustaine/dave_so_far_era_v2.jpg","NO","catalog","60"
"","","cd-megadeth-demons--p6024","cd-megadeth-demons-p6024","Demons","6024","VicRattlehead","Megadeth | Megadeth Vault | Thrash Metal | remera | Megadeth Archive | Vic Rattlehead","images/vic_rattlehead/vic_demons.jpg","NO","archive","45"
"","","cd-megadeth-dogs-of-chernobyl--p245","cd-megadeth-dogs-of-chernobyl-p245","Dogs of Chernobyl","245","Singles | The Sick, the Dying... and the Dead!","Megadeth | Megadeth Vault | Thrash Metal | The Sick, the Dying... and the Dead! | remera | Megadeth Archive | Megadeth Singles","images/singles/dogs_of_chernobyl.jpg","NO","catalog","58"
"","","cd-megadeth-double-neck-jackson--p2801","cd-megadeth-double-neck-jackson-p2801","Double Neck Jackson","2801","Dave Mustaine | Countdown to Extinction","Megadeth | Megadeth Vault | Thrash Metal | Countdown to Extinction | remera | Megadeth Archive | Dave Mustaine Spotlight","images/musicians/Dave_Mustaine/dave_double_neck_jackson.jpg","NO","catalog","60"
"","","cd-megadeth-dystopia--dystopia","cd-megadeth-dystopia-dystopia","Dystopia","5066","Hoodies FMD | Dystopia","Megadeth | Megadeth Vault | Thrash Metal | Dystopia | hoodie | Megadeth Archive","images/hoddies_fmd/dystopia.jpg","SI","featured","78"
"","","cd-megadeth-dystopia--dystopia-v1","cd-megadeth-dystopia-dystopia-v1","Dystopia v1","7","Album | Dystopia","Megadeth | Megadeth Vault | Thrash Metal | Dystopia | remera | Megadeth Archive | Megadeth Albums","images/albums/Dystopia/dystopia_v1_3d.jpg","NO","catalog","66"
"","","cd-megadeth-dystopia--dystopia-v2","cd-megadeth-dystopia-dystopia-v2","Dystopia v2","7","Album | Dystopia","Megadeth | Megadeth Vault | Thrash Metal | Dystopia | remera | Megadeth Archive | Megadeth Albums","images/albums/Dystopia/dystopia_v2.jpg","NO","catalog","66"
"","","cd-megadeth-dystopia--dystopia-v3","cd-megadeth-dystopia-dystopia-v3","Dystopia v3","7","Album | Dystopia","Megadeth | Megadeth Vault | Thrash Metal | Dystopia | remera | Megadeth Archive | Megadeth Albums","images/albums/Dystopia/dystopia_v3.jpg","NO","catalog","66"
"","","cd-megadeth-dystopia--dystopia-v4","cd-megadeth-dystopia-dystopia-v4","Dystopia v4","7","Album | Dystopia","Megadeth | Megadeth Vault | Thrash Metal | Dystopia | remera | Megadeth Archive | Megadeth Albums","images/albums/Dystopia/dystopia_v4.jpg","NO","catalog","66"
"","","cd-megadeth-dystopia--dystopia-v5","cd-megadeth-dystopia-dystopia-v5","Dystopia v5","7","Album | Dystopia","Megadeth | Megadeth Vault | Thrash Metal | Dystopia | remera | Megadeth Archive | Megadeth Albums","images/albums/Dystopia/dystopia_v5.jpg","NO","catalog","66"
"","","cd-megadeth-killing-is-my-bussines--edicion-2012","cd-megadeth-killing-is-my-bussines-edicion-2012","Edición 2012","1","Album | Killing Is My Business... and Business Is Good!","Megadeth | Megadeth Vault | Thrash Metal | FMD Editions | Killing Is My Business... and Business Is Good! | remera | buzo_cuello_redondo | Megadeth Albums","images/albums/Killing_Is_my_bussines/kimb_2012.jpg","SI","featured","88"
"","","cd-megadeth-edicion-fmd--p40","cd-megadeth-edicion-fmd-p40","Edición FMD","40","Tour","Megadeth | Megadeth Vault | Thrash Metal | remera | Megadeth Archive | Tour Archive | Argentina 2026","images/tours/Tour_argentina/vic_edicion_fmd.jpg","NO","catalog","62"
"","","cd-megadeth-edition--p18","cd-megadeth-edition-p18","Edition","18","Album | Hidden Treasures","Megadeth | Megadeth Vault | Thrash Metal | FMD Editions | Hidden Treasures | remera | Megadeth Archive | Megadeth Albums","images/fmd-edition-3d/hidden_treasures/hidden_treasures_fmd_edition.jpg","NO","catalog","66"
"","","cd-megadeth-edition--p9","cd-megadeth-edition-p9","Edition","9","Album | Risk","Megadeth | Megadeth Vault | Thrash Metal | Risk | remera | Megadeth Archive | Megadeth Albums","images/fmd-edition-3d/risk/risk_fmd_edition.jpg","NO","catalog","66"
"","","cd-megadeth-dystopia--edition","cd-megadeth-dystopia-edition","Edition","7","Album | Dystopia","Megadeth | Megadeth Vault | Thrash Metal | Dystopia | remera | Megadeth Archive | Megadeth Albums","images/fmd-edition-3d/dystopia/dystopia_fmd_edition.jpg","NO","catalog","66"
"","","cd-megadeth-rusted-pieces--edition","cd-megadeth-rusted-pieces-edition","Edition","236","Singles","Megadeth | Megadeth Vault | Thrash Metal | remera | Megadeth Archive | Megadeth Singles","images/singles/rusted_pieces_fmd_edition.png","NO","catalog","58"
"","","cd-megadeth-edition--p6023","cd-megadeth-edition-p6023","Edition","6023","VicRattlehead","Megadeth | Megadeth Vault | Thrash Metal | FMD Editions | remera | Megadeth Archive | Vic Rattlehead","images/vic_rattlehead/vic_and_friends_fmd_edition.jpg","NO","catalog","45"
"","","cd-megadeth-edition-shred--p246","cd-megadeth-edition-shred-p246","Edition Shred","246","Singles","Megadeth | Megadeth Vault | Thrash Metal | remera | Megadeth Archive | Megadeth Singles","images/singles/fmd_edition_shred.jpg","NO","catalog","58"
"","","cd-megadeth-edition-v2--p9","cd-megadeth-edition-v2-p9","Edition V2","9","Album | Risk","Megadeth | Megadeth Vault | Thrash Metal | Risk | remera | Megadeth Archive | Megadeth Albums","images/fmd-edition-3d/risk/risk_fmd_edition_v2.jpg","NO","catalog","66"
"","","cd-megadeth-endgame--p13","cd-megadeth-endgame-p13","Endgame","13","Album | Endgame","Megadeth | Megadeth Vault | Thrash Metal | Endgame | remera | Megadeth Archive | Megadeth Albums","images/albums/Endgame/endgame.jpg","NO","catalog","66"
"","","cd-megadeth-final--p5059","cd-megadeth-final-p5059","Final","5059","Hoodies FMD","Megadeth | Megadeth Vault | Thrash Metal | hoodie | Megadeth Archive","images/hoddies_fmd/megadeth_final_black.jpg","SI","featured","78"
"","","cd-megadeth-formaciones-2026--p40","cd-megadeth-formaciones-2026-p40","Formaciones 2026","40","Tour","Megadeth | Megadeth Vault | Thrash Metal | remera | Megadeth Archive | Tour Archive | Argentina 2026","images/musicians/formaciones/megadeth_2026_frente.jpg","NO","catalog","62"
"","","cd-megadeth-killing-is-my-bussines--gris-rojo","cd-megadeth-killing-is-my-bussines-gris-rojo","Gris Rojo","1","Album | Killing Is My Business... and Business Is Good!","Megadeth | Megadeth Vault | Thrash Metal | FMD Editions | Killing Is My Business... and Business Is Good! | remera | buzo_cuello_redondo | Megadeth Albums","images/albums/Killing_Is_my_bussines/kimb_gris_rojo.jpg","SI","featured","88"
"","","cd-megadeth-guitarra-argentina--guitarra-argentina","cd-megadeth-guitarra-argentina-guitarra-argentina","Guitarra Argentina","5076","Hoodies FMD","Megadeth | Megadeth Vault | Thrash Metal | hoodie | Megadeth Archive | Tour Archive | Argentina 2026","images/hoddies_fmd/guitarra_argentina.png","NO","catalog","64"
"","","cd-megadeth-guitarra-argentina--guitarra-argentina-fmd","cd-megadeth-guitarra-argentina-guitarra-argentina-fmd","Guitarra Argentina FMD","7009","Buzo Cuello Redondo","Megadeth | Megadeth Vault | Thrash Metal | FMD Editions | buzo_cuello_redondo | Megadeth Archive | Tour Archive | Argentina 2026","images/buzos cuello redondo/megadeth_guitar_arg_fmd.jpg","NO","catalog","64"
"","","cd-megadeth-hangar-18--p5053","cd-megadeth-hangar-18-p5053","Hangar 18","5053","Singles | Rust in Peace","Megadeth | Megadeth Vault | Thrash Metal | Rust in Peace | remera | Megadeth Archive | Megadeth Singles","images/singles/hangar_18_single_frente.jpg","NO","catalog","58"
"","","cd-megadeth-hangar-18-fmd--p5053","cd-megadeth-hangar-18-fmd-p5053","Hangar 18 FMD","5053","Singles | Rust in Peace","Megadeth | Megadeth Vault | Thrash Metal | Rust in Peace | remera | Megadeth Archive | Megadeth Singles","images/singles/hangar_18.png","NO","catalog","58"
"","","cd-megadeth-i-am-war--p246","cd-megadeth-i-am-war-p246","I Am War","246","Singles","Megadeth | Megadeth Vault | Thrash Metal | remera | Megadeth Archive | Megadeth Singles","images/singles/i_am_war.jpg","NO","catalog","58"
"","","cd-megadeth-i-don-t-care--p5068","cd-megadeth-i-don-t-care-p5068","I Don't Care","5068","Hoodies FMD","Megadeth | Megadeth Vault | Thrash Metal | hoodie | Megadeth Archive","images/hoddies_fmd/i_dont_care.jpg","NO","catalog","64"
"","","cd-megadeth-i-don-t-care-circular-blanca--p246","cd-megadeth-i-don-t-care-circular-blanca-p246","I Don't Care Circular Blanca","246","Singles","Megadeth | Megadeth Vault | Thrash Metal | remera | Megadeth Archive | Megadeth Singles","images/singles/frente-circular-idont-care-blanca.jpg","NO","catalog","58"
"","","cd-megadeth-i-don-t-care-circular-negro--p246","cd-megadeth-i-don-t-care-circular-negro-p246","I Don't Care Circular Negro","246","Singles","Megadeth | Megadeth Vault | Thrash Metal | remera | Megadeth Archive | Megadeth Singles","images/singles/frente-circular-idont-care-negro.jpg","NO","catalog","58"
"","","cd-megadeth-i-don-t-care-original--p246","cd-megadeth-i-don-t-care-original-p246","I Don't Care Original","246","Singles","Megadeth | Megadeth Vault | Thrash Metal | remera | Megadeth Archive | Megadeth Singles","images/singles/i_dont_care.jpg","NO","catalog","58"
"","","cd-megadeth-i-don-t-care-v1--p246","cd-megadeth-i-don-t-care-v1-p246","I Don't Care v1","246","Singles","Megadeth | Megadeth Vault | Thrash Metal | remera | Megadeth Archive | Megadeth Singles","images/singles/i_dont_care_v1.jpg","NO","catalog","58"
"","","cd-megadeth-i-don-t-care-v2--p246","cd-megadeth-i-don-t-care-v2-p246","I Don't Care v2","246","Singles","Megadeth | Megadeth Vault | Thrash Metal | remera | Megadeth Archive | Megadeth Singles","images/singles/i_dont_care_v2.jpg","NO","catalog","58"
"","","cd-megadeth-i-don-t-care-v3--p246","cd-megadeth-i-don-t-care-v3-p246","I Don't Care v3","246","Singles","Megadeth | Megadeth Vault | Thrash Metal | remera | Megadeth Archive | Megadeth Singles","images/singles/i_dont_care_v3.jpg","NO","catalog","58"
"","","cd-megadeth-in-my-darkest-hour--p31","cd-megadeth-in-my-darkest-hour-p31","In My Darkest Hour","31","Musician","Megadeth | Megadeth Vault | Thrash Metal | remera | Megadeth Archive | Megadeth Members","images/musicians/formaciones/in_my_darkest_hour.jpg","NO","catalog","56"
"","","cd-megadeth-killing-is-my-bussines--killing-fmd","cd-megadeth-killing-is-my-bussines-killing-fmd","Killing FMD","1","Album | Killing Is My Business... and Business Is Good!","Megadeth | Megadeth Vault | Thrash Metal | FMD Editions | Killing Is My Business... and Business Is Good! | remera | buzo_cuello_redondo | Megadeth Albums","images/albums/Killing_Is_my_bussines/remera_killing_fmd.jpg","SI","featured","88"
"","","cd-megadeth-killing-fmd--p5057","cd-megadeth-killing-fmd-p5057","Killing FMD","5057","Hoodies FMD | Killing Is My Business... and Business Is Good!","Megadeth | Megadeth Vault | Thrash Metal | Killing Is My Business... and Business Is Good! | hoodie | Megadeth Archive","images/albums/Killing_Is_my_bussines/hoodie_killing_fmd.jpg","SI","featured","78"
"","","cd-megadeth-killing-is-my-bussines--killing-is-my-business-art-2012","cd-megadeth-killing-is-my-bussines-killing-is-my-business-art-2012","Killing Is My Business Art 2012","1","Album | Killing Is My Business... and Business Is Good!","Megadeth | Megadeth Vault | Thrash Metal | FMD Editions | Killing Is My Business... and Business Is Good! | remera | buzo_cuello_redondo | Megadeth Albums","images/albums/Killing_Is_my_bussines/kimb_art_2012.jpg","SI","featured","88"
"","","cd-megadeth-killing-is-my-business-fmd--p7005","cd-megadeth-killing-is-my-business-fmd-p7005","Killing is My Business FMD","7005","Buzo Cuello Redondo | Killing Is My Business... and Business Is Good!","Megadeth | Megadeth Vault | Thrash Metal | FMD Editions | Killing Is My Business... and Business Is Good! | buzo_cuello_redondo | Megadeth Archive","images/buzos cuello redondo/megadeth_killing_original_fmd.jpg","SI","featured","78"
"","","cd-megadeth-killing-is-my-bussines--killing-is-my-business-fmd-edition","cd-megadeth-killing-is-my-bussines-killing-is-my-business-fmd-edition","Killing Is My Business FMD Edition","6026","Album | Killing Is My Business... and Business Is Good!","Megadeth | Megadeth Vault | Thrash Metal | FMD Editions | Killing Is My Business... and Business Is Good! | remera | Megadeth Archive | Megadeth Albums","images/fmd-edition-3d/killing/killing_final_3d_edition.jpg","NO","catalog","66"
"","","cd-megadeth-killing-is-my-bussines--killing-original","cd-megadeth-killing-is-my-bussines-killing-original","Killing Original","1","Album | Killing Is My Business... and Business Is Good!","Megadeth | Megadeth Vault | Thrash Metal | FMD Editions | Killing Is My Business... and Business Is Good! | remera | buzo_cuello_redondo | Megadeth Albums","images/albums/Killing_Is_my_bussines/remera_killing_original.jpg","SI","featured","88"
"","","cd-megadeth-killing-original--p5057-v1","cd-megadeth-killing-original-p5057-v1","Killing Original","5057","Hoodies FMD | Killing Is My Business... and Business Is Good!","Megadeth | Megadeth Vault | Thrash Metal | Killing Is My Business... and Business Is Good! | hoodie | Megadeth Archive","images/hoddies_fmd/killing_original.jpg","SI","featured","78"
"","","cd-megadeth-killing-original--p5057-v3","cd-megadeth-killing-original-p5057-v3","Killing Original","5057","Hoodies FMD | Killing Is My Business... and Business Is Good!","Megadeth | Megadeth Vault | Thrash Metal | Killing Is My Business... and Business Is Good! | hoodie | Megadeth Archive","images/albums/Killing_Is_my_bussines/hoodie_killing_original.jpg","SI","featured","78"
"","","cd-megadeth-killing-remaster--p5057","cd-megadeth-killing-remaster-p5057","Killing Remaster","5057","Hoodies FMD | Killing Is My Business... and Business Is Good!","Megadeth | Megadeth Vault | Thrash Metal | Killing Is My Business... and Business Is Good! | hoodie | Megadeth Archive","images/hoddies_fmd/killing_remaster.jpg","SI","featured","78"
"","","cd-megadeth-killing-is-my-bussines--killing-retro-fmd","cd-megadeth-killing-is-my-bussines-killing-retro-fmd","Killing Retro FMD","1","Album | Killing Is My Business... and Business Is Good!","Megadeth | Megadeth Vault | Thrash Metal | FMD Editions | Killing Is My Business... and Business Is Good! | remera | buzo_cuello_redondo | Megadeth Albums","images/albums/Killing_Is_my_bussines/remera_killing_retro_fmd.jpg","SI","featured","88"
"","","cd-megadeth-killing-retro-fmd--p5057","cd-megadeth-killing-retro-fmd-p5057","Killing Retro FMD","5057","Hoodies FMD | Killing Is My Business... and Business Is Good!","Megadeth | Megadeth Vault | Thrash Metal | Killing Is My Business... and Business Is Good! | hoodie | Megadeth Archive","images/albums/Killing_Is_my_bussines/hoodie_killing_retro_fmd.jpg","SI","featured","78"
"","","cd-megadeth-the-sick-the-dying-and-the-dead--killing-time","cd-megadeth-the-sick-the-dying-and-the-dead-killing-time","Killing Time","5022","Singles | The Sick, the Dying... and the Dead!","Megadeth | Megadeth Vault | Thrash Metal | The Sick, the Dying... and the Dead! | remera | Megadeth Archive | Megadeth Singles","images/singles/killing_time.jpg","NO","catalog","58"
"","","cd-megadeth-killing-is-my-bussines--killing-v1","cd-megadeth-killing-is-my-bussines-killing-v1","Killing V1","1","Album | Killing Is My Business... and Business Is Good!","Megadeth | Megadeth Vault | Thrash Metal | FMD Editions | Killing Is My Business... and Business Is Good! | remera | buzo_cuello_redondo | Megadeth Albums","images/albums/Killing_Is_my_bussines/remera_killing_v1.jpg","SI","featured","88"
"","","cd-megadeth-killing-v1--p5057","cd-megadeth-killing-v1-p5057","Killing V1","5057","Hoodies FMD | Killing Is My Business... and Business Is Good!","Megadeth | Megadeth Vault | Thrash Metal | Killing Is My Business... and Business Is Good! | hoodie | Megadeth Archive","images/albums/Killing_Is_my_bussines/hoodie_killing_v1.jpg","SI","featured","78"
"","","cd-megadeth-kimb-40-edition-v1--p314","cd-megadeth-kimb-40-edition-v1-p314","KIMB 40 Edition v1","314","VicRattlehead | Killing Is My Business... and Business Is Good!","Megadeth | Megadeth Vault | Thrash Metal | Killing Is My Business... and Business Is Good! | remera | Megadeth Archive | Vic Rattlehead","images/vic_rattlehead/kimb_40_edition_v1.jpg","NO","catalog","45"
"","","cd-megadeth-kimb-40-edition-v2--p314","cd-megadeth-kimb-40-edition-v2-p314","KIMB 40 Edition v2","314","VicRattlehead | Killing Is My Business... and Business Is Good!","Megadeth | Megadeth Vault | Thrash Metal | Killing Is My Business... and Business Is Good! | remera | Megadeth Archive | Vic Rattlehead","images/vic_rattlehead/kimb_40_edition_v2.jpg","NO","catalog","45"
"","","cd-megadeth-kimb-40-edition-v3--p314","cd-megadeth-kimb-40-edition-v3-p314","KIMB 40 Edition v3","314","VicRattlehead | Killing Is My Business... and Business Is Good!","Megadeth | Megadeth Vault | Thrash Metal | Killing Is My Business... and Business Is Good! | remera | Megadeth Archive | Vic Rattlehead","images/vic_rattlehead/kimb_40_edition_v3.jpg","NO","catalog","45"
"","","cd-megadeth-kimb-40-edition-v4--p314","cd-megadeth-kimb-40-edition-v4-p314","KIMB 40 Edition v4","314","VicRattlehead | Killing Is My Business... and Business Is Good!","Megadeth | Megadeth Vault | Thrash Metal | Killing Is My Business... and Business Is Good! | remera | Megadeth Archive | Vic Rattlehead","images/vic_rattlehead/kimb_40_edition_v4.jpg","NO","catalog","45"
"","","cd-megadeth-killing-is-my-bussines--kimb-fmd-edition","cd-megadeth-killing-is-my-bussines-kimb-fmd-edition","KIMB FMD Edition","1","Album | Killing Is My Business... and Business Is Good!","Megadeth | Megadeth Vault | Thrash Metal | FMD Editions | Killing Is My Business... and Business Is Good! | remera | buzo_cuello_redondo | Megadeth Albums","images/fmd-edition-3d/killing/killing_final_3d_edition.jpg","SI","featured","88"
"","","cd-megadeth-let-there-be-shred--p246","cd-megadeth-let-there-be-shred-p246","Let There Be Shred","246","Singles","Megadeth | Megadeth Vault | Thrash Metal | remera | Megadeth Archive | Megadeth Singles","images/singles/let_there_be_shred.jpg","NO","catalog","58"
"","","cd-megadeth-let-there-be-shred--p5069","cd-megadeth-let-there-be-shred-p5069","Let There Be Shred","5069","Hoodies FMD","Megadeth | Megadeth Vault | Thrash Metal | hoodie | Megadeth Archive","images/hoddies_fmd/let_there_be_shred.jpg","NO","catalog","64"
"","","cd-megadeth-let-there-be-shred-realista--p246","cd-megadeth-let-there-be-shred-realista-p246","Let There Be Shred Realista","246","Singles","Megadeth | Megadeth Vault | Thrash Metal | remera | Megadeth Archive | Megadeth Singles","images/singles/let_there_be_shred-realista.jpg","NO","catalog","58"
"","","cd-megadeth-let-there-v2--p246","cd-megadeth-let-there-v2-p246","Let There v2","246","Singles","Megadeth | Megadeth Vault | Thrash Metal | remera | Megadeth Archive | Megadeth Singles","images/singles/let_there_v2.jpg","NO","catalog","58"
"","","cd-megadeth-the-sick-the-dying-and-the-dead--life-in-hell","cd-megadeth-the-sick-the-dying-and-the-dead-life-in-hell","Life in Hell","5022","Singles | The Sick, the Dying... and the Dead!","Megadeth | Megadeth Vault | Thrash Metal | The Sick, the Dying... and the Dead! | remera | Megadeth Archive | Megadeth Singles","images/singles/life_in_hell.jpg","NO","catalog","58"
"","","cd-megadeth-rust-in-peace--lineup","cd-megadeth-rust-in-peace-lineup","Lineup","4","Album | Rust in Peace","Megadeth | Megadeth Vault | Thrash Metal | FMD Editions | Rust in Peace | remera | Megadeth Albums","images/albums/Rust_in_peace/rust_in_peace_lineup.jpg","SI","featured","89"
"","","cd-megadeth-rust-in-peace--lineup-v2","cd-megadeth-rust-in-peace-lineup-v2","Lineup V2","4","Album | Rust in Peace","Megadeth | Megadeth Vault | Thrash Metal | FMD Editions | Rust in Peace | remera | Megadeth Albums","images/albums/Rust_in_peace/rust_in_peace_lineup_v2.jpg","SI","featured","89"
"","","cd-megadeth-logo-gris--p304","cd-megadeth-logo-gris-p304","Logo Gris","304","VicRattlehead | Peace Sells... but Who's Buying?","Megadeth | Megadeth Vault | Thrash Metal | Peace Sells... but Who's Buying? | remera | Megadeth Archive | Vic Rattlehead","images/vic_rattlehead/vic_my_last_words_logo_gris.jpg","NO","catalog","45"
"","","cd-megadeth-logo-negro--p304","cd-megadeth-logo-negro-p304","Logo Negro","304","VicRattlehead | Peace Sells... but Who's Buying?","Megadeth | Megadeth Vault | Thrash Metal | Peace Sells... but Who's Buying? | remera | Megadeth Archive | Vic Rattlehead","images/vic_rattlehead/vic_my_last_words_logo_negro.jpg","NO","catalog","45"
"","","cd-megadeth-logo-rojo--p304","cd-megadeth-logo-rojo-p304","Logo Rojo","304","VicRattlehead | Peace Sells... but Who's Buying?","Megadeth | Megadeth Vault | Thrash Metal | Peace Sells... but Who's Buying? | remera | Megadeth Archive | Vic Rattlehead","images/vic_rattlehead/vic_my_last_logo_rojo.jpg","NO","catalog","45"
"","","cd-megadeth-lucretia--p6031","cd-megadeth-lucretia-p6031","Lucretia","6031","Singles | Rust in Peace","Megadeth | Megadeth Vault | Thrash Metal | Rust in Peace | remera | Megadeth Archive | Megadeth Singles","images/singles/lucretia.jpg","NO","catalog","58"
"","","cd-megadeth-made-to-kill--p246","cd-megadeth-made-to-kill-p246","Made to Kill","246","Singles","Megadeth | Megadeth Vault | Thrash Metal | remera | Megadeth Archive | Megadeth Singles","images/singles/made_to_kill.jpg","NO","catalog","58"
"","","cd-megadeth-made-to-kill--p5067","cd-megadeth-made-to-kill-p5067","Made to Kill","5067","Hoodies FMD","Megadeth | Megadeth Vault | Thrash Metal | hoodie | Megadeth Archive","images/hoddies_fmd/made_to_kill.jpg","NO","catalog","64"
"","","cd-megadeth-marty-bn--p29","cd-megadeth-marty-bn-p29","Marty BN","29","Musician","Megadeth | Megadeth Vault | Thrash Metal | remera | Megadeth Archive | Megadeth Members","images/musicians/Marty_Friedman/marty_bn.jpg","NO","catalog","56"
"","","cd-megadeth-marty-dave--p300","cd-megadeth-marty-dave-p300","marty_dave","300","Tour","Megadeth | Megadeth Vault | Thrash Metal | remera | Megadeth Archive | Tour Archive","images/tours/Live/marty_dave.jpg","NO","catalog","62"
"","","cd-megadeth-so-far-so-good--mary-jane","cd-megadeth-so-far-so-good-mary-jane","Mary Jane","3","Album | So Far, So Good... So What!","Megadeth | Megadeth Vault | Thrash Metal | So Far, So Good... So What! | remera | Megadeth Archive | Megadeth Albums","images/albums/SFSGSW/3-mary_jane.jpg","NO","catalog","66"
"","","cd-megadeth-mary-jane--p6015","cd-megadeth-mary-jane-p6015","Mary Jane","6015","Singles | So Far, So Good... So What!","Megadeth | Megadeth Vault | Thrash Metal | So Far, So Good... So What! | remera | Megadeth Archive | Megadeth Singles","images/singles/mary_jane.jpg","NO","catalog","58"
"","","cd-megadeth-megadeth--mary-jane-fmd-edition","cd-megadeth-megadeth-mary-jane-fmd-edition","Mary Jane FMD Edition","6028","VicRattlehead","Megadeth | VicRattlehead | Vic Rattlehead | Nuevo | FMD Edition","images/fmd-edition-3d/vic_tour_2026/mary_jane_fmd_edition.jpg","SI","hero","94"
"","","cd-megadeth-merch-tour-v1--p5074","cd-megadeth-merch-tour-v1-p5074","Merch Tour V1","5074","Hoodies FMD","Megadeth | Megadeth Vault | Thrash Metal | hoodie | Megadeth Archive | Tour Archive","images/tours/merch tour this was our life 2026/hoodies/merch_tour_v1.jpg","SI","featured","78"
"","","cd-megadeth-militar-rattlehead--p420","cd-megadeth-militar-rattlehead-p420","Militar Rattlehead","420","VicRattlehead","Megadeth | Megadeth Vault | Thrash Metal | remera | Megadeth Archive | Vic Rattlehead","images/vic_rattlehead/militar_rattlehead.jpg","NO","archive","45"
"","","cd-megadeth-negra-fmd-edition--p6022","cd-megadeth-negra-fmd-edition-p6022","Negra — FMD Edition","6022","Orígenes","Megadeth | Megadeth Vault | Thrash Metal | remera | Megadeth Archive","images/orígenes/frente_negra_fmd_edition.png","NO","catalog","55"
"","","cd-megadeth-negra-v1--p6022","cd-megadeth-negra-v1-p6022","Negra — V1","6022","Orígenes","Megadeth | Megadeth Vault | Thrash Metal | remera | Megadeth Archive","images/orígenes/frente_negra_v1.png","NO","catalog","55"
"","","cd-megadeth-negra-v2--p6022","cd-megadeth-negra-v2-p6022","Negra — V2","6022","Orígenes","Megadeth | Megadeth Vault | Thrash Metal | remera | Megadeth Archive","images/orígenes/frente_negra_v2.png","NO","catalog","55"
"","","cd-megadeth-negra-v3--p6022","cd-megadeth-negra-v3-p6022","Negra — V3","6022","Orígenes","Megadeth | Megadeth Vault | Thrash Metal | remera | Megadeth Archive","images/orígenes/frente_negra_v3.png","NO","catalog","55"
"","","cd-megadeth-the-sick-the-dying-and-the-dead--night-stalkers","cd-megadeth-the-sick-the-dying-and-the-dead-night-stalkers","Night Stalkers","5022","Singles | The Sick, the Dying... and the Dead!","Megadeth | Megadeth Vault | Thrash Metal | The Sick, the Dying... and the Dead! | remera | Megadeth Archive | Megadeth Singles","images/singles/night_stalkers.jpg","NO","catalog","58"
"","","cd-megadeth-nuclear-vic-bomb--p423","cd-megadeth-nuclear-vic-bomb-p423","Nuclear Vic Bomb","423","VicRattlehead","Megadeth | Megadeth Vault | Thrash Metal | remera | Megadeth Archive | Vic Rattlehead","images/vic_rattlehead/nuclear_vic_bomb.jpg","NO","archive","45"
"","","cd-megadeth-cryptic-writings--original-blanco","cd-megadeth-cryptic-writings-original-blanco","Original (blanco)","8","Album | Cryptic Writings","Megadeth | Megadeth Vault | Thrash Metal | Cryptic Writings | remera | Megadeth Archive | Megadeth Albums","images/albums/Cryptic_Writings/cryptic_writings_original_white.jpg","NO","catalog","66"
"","","cd-megadeth-cryptic-writings--original-negro","cd-megadeth-cryptic-writings-original-negro","Original (negro)","8","Album | Cryptic Writings","Megadeth | Megadeth Vault | Thrash Metal | Cryptic Writings | remera | Megadeth Archive | Megadeth Albums","images/albums/Cryptic_Writings/cryptic_writings_original.jpg","NO","catalog","66"
"","","cd-megadeth-killing-is-my-bussines--original-1985","cd-megadeth-killing-is-my-bussines-original-1985","Original 1985","1","Album | Killing Is My Business... and Business Is Good!","Megadeth | Megadeth Vault | Thrash Metal | FMD Editions | Killing Is My Business... and Business Is Good! | remera | buzo_cuello_redondo | Megadeth Albums","images/albums/Killing_Is_my_bussines/kimb_1985_original_.jpg","SI","featured","88"
"","","cd-megadeth-original-patch--p419","cd-megadeth-original-patch-p419","Original Patch","419","VicRattlehead","Megadeth | Megadeth Vault | Thrash Metal | remera | Megadeth Archive | Vic Rattlehead","images/vic_rattlehead/vic_original_patch.jpg","NO","archive","45"
"","","cd-megadeth-peace-sells--peace-3d","cd-megadeth-peace-sells-peace-3d","Peace 3D","2","Album | Peace Sells... but Who's Buying?","Megadeth | Megadeth Vault | Thrash Metal | FMD Editions | Peace Sells... but Who's Buying? | remera | Megadeth Albums","images/fmd-edition-3d/peace/peace_3d_edition_v1.jpg","SI","featured","87"
"","","cd-megadeth-peace-sells--peace-3d-v2","cd-megadeth-peace-sells-peace-3d-v2","Peace 3D V2","2","Album | Peace Sells... but Who's Buying?","Megadeth | Megadeth Vault | Thrash Metal | FMD Editions | Peace Sells... but Who's Buying? | remera | Megadeth Albums","images/fmd-edition-3d/peace/peace_3d_edition_v2.jpg","SI","featured","87"
"","","cd-megadeth-peace-sells--peace-sells","cd-megadeth-peace-sells-peace-sells","Peace Sells","2 | 5061","Album | Hoodies FMD | Peace Sells... but Who's Buying?","Megadeth | Megadeth Vault | Thrash Metal | FMD Editions | Peace Sells... but Who's Buying? | remera | Megadeth Albums | hoodie | Megadeth Archive","images/albums/Peace_sells/peace_sells_frente.jpg","SI","featured","87"
"","","cd-megadeth-peace-sells-era--p31","cd-megadeth-peace-sells-era-p31","Peace Sells Era","31","Musician","Megadeth | Megadeth Vault | Thrash Metal | remera | Megadeth Archive | Megadeth Members","images/musicians/formaciones/peace_sells_era.jpg","NO","catalog","56"
"","","cd-megadeth-peace-sells--peace-sells-fmd","cd-megadeth-peace-sells-peace-sells-fmd","Peace Sells FMD","2","Album | Peace Sells... but Who's Buying?","Megadeth | Megadeth Vault | Thrash Metal | FMD Editions | Peace Sells... but Who's Buying? | remera | Megadeth Albums","images/albums/Peace_sells/peace_sells_fmd.jpg","SI","featured","87"
"","","cd-megadeth-peace-sells--peace-sells-fmd-edition","cd-megadeth-peace-sells-peace-sells-fmd-edition","Peace Sells FMD Edition","6027","Album | Peace Sells... but Who's Buying?","Megadeth | Megadeth Vault | Thrash Metal | FMD Editions | Peace Sells... but Who's Buying? | remera | Megadeth Archive | Megadeth Albums","images/fmd-edition-3d/peace/peace_3d_edition_v1.jpg","NO","catalog","66"
"","","cd-megadeth-peace-sells--peace-sells-fmd-edition-v2","cd-megadeth-peace-sells-peace-sells-fmd-edition-v2","Peace Sells FMD Edition V2","6027","Album | Peace Sells... but Who's Buying?","Megadeth | Megadeth Vault | Thrash Metal | FMD Editions | Peace Sells... but Who's Buying? | remera | Megadeth Archive | Megadeth Albums","images/fmd-edition-3d/peace/peace_3d_edition_v2.jpg","NO","catalog","66"
"","","cd-megadeth-peace-sells--peace-sells-v2","cd-megadeth-peace-sells-peace-sells-v2","Peace Sells V2","2","Album | Peace Sells... but Who's Buying?","Megadeth | Megadeth Vault | Thrash Metal | FMD Editions | Peace Sells... but Who's Buying? | remera | Megadeth Albums","images/albums/Peace_sells/peace_sells_frente-V2.jpg","SI","featured","87"
"","","cd-megadeth-peace-sells--peace-sells-v3","cd-megadeth-peace-sells-peace-sells-v3","Peace Sells V3","2","Album | Peace Sells... but Who's Buying?","Megadeth | Megadeth Vault | Thrash Metal | FMD Editions | Peace Sells... but Who's Buying? | remera | Megadeth Albums","images/albums/Peace_sells/peace_sells_frente-V3.jpg","SI","featured","87"
"","","cd-megadeth-peace-sells-live--p301","cd-megadeth-peace-sells-live-p301","peace_sells_live","301","Tour | Peace Sells... but Who's Buying?","Megadeth | Megadeth Vault | Thrash Metal | Peace Sells... but Who's Buying? | remera | Megadeth Archive | Tour Archive","images/tours/Live/peace_sells_live.jpg","NO","catalog","62"
"","","cd-megadeth-youthanasia--photo-band","cd-megadeth-youthanasia-photo-band","Photo Band","6","Album | Youthanasia","Megadeth | Megadeth Vault | Thrash Metal | Youthanasia | remera | Megadeth Archive | Megadeth Albums","images/albums/Youthanasia/photo_band.jpg","NO","catalog","66"
"","","cd-megadeth-poison-green--p2815","cd-megadeth-poison-green-p2815","Poison Green","2815","Dave Mustaine | Rust in Peace","Megadeth | Megadeth Vault | Thrash Metal | Rust in Peace | remera | Megadeth Archive | Dave Mustaine Spotlight","images/musicians/Dave_Mustaine/poison_green.jpg","NO","catalog","60"
"","","cd-megadeth-poster--p40","cd-megadeth-poster-p40","Poster","40","Tour","Megadeth | Megadeth Vault | Thrash Metal | remera | Megadeth Archive | Tour Archive | Argentina 2026","images/tours/Tour_argentina/poster_tour_argentina.jpg","NO","catalog","62"
"","","cd-megadeth-poster-tour-argentina-v2--p40","cd-megadeth-poster-tour-argentina-v2-p40","Poster Tour Argentina v2","40","Tour","Megadeth | Megadeth Vault | Thrash Metal | remera | Megadeth Archive | Tour Archive | Argentina 2026","images/tours/Tour_argentina/poster_tour_argentina_v2.jpg","NO","catalog","62"
"","","cd-megadeth-poster-tour-argentina-white--p40","cd-megadeth-poster-tour-argentina-white-p40","Poster Tour Argentina White","40","Tour","Megadeth | Megadeth Vault | Thrash Metal | remera | Megadeth Archive | Tour Archive | Argentina 2026","images/tours/Tour_argentina/poster_tour_argentina_white.jpg","NO","catalog","62"
"","","cd-megadeth-realista--p39","cd-megadeth-realista-p39","Realista","39","Tour","Megadeth | Megadeth Vault | Thrash Metal | remera | Megadeth Archive | Tour Archive | Argentina 2026","images/tours/Vic_Gaucho_Argentino/vic_gaucho_realista.jpg","NO","catalog","62"
"","","cd-megadeth-killing-is-my-bussines--realista-1985","cd-megadeth-killing-is-my-bussines-realista-1985","Realista 1985","1","Album | Killing Is My Business... and Business Is Good!","Megadeth | Megadeth Vault | Thrash Metal | FMD Editions | Killing Is My Business... and Business Is Good! | remera | buzo_cuello_redondo | Megadeth Albums","images/albums/Killing_Is_my_bussines/kimb_realistic_1985.jpg","SI","featured","88"
"","","cd-megadeth-killing-is-my-bussines--realista-2012","cd-megadeth-killing-is-my-bussines-realista-2012","Realista 2012","1","Album | Killing Is My Business... and Business Is Good!","Megadeth | Megadeth Vault | Thrash Metal | FMD Editions | Killing Is My Business... and Business Is Good! | remera | buzo_cuello_redondo | Megadeth Albums","images/albums/Killing_Is_my_bussines/kimb_realistic_2012.jpg","SI","featured","88"
"","","cd-megadeth-rusted-pieces--realistic","cd-megadeth-rusted-pieces-realistic","Realistic","236","Singles","Megadeth | Megadeth Vault | Thrash Metal | remera | Megadeth Archive | Megadeth Singles","images/singles/rusted_pieces_realistic.jpg","NO","catalog","58"
"","","cd-megadeth-realistic-edition--p419","cd-megadeth-realistic-edition-p419","Realistic Edition","419","VicRattlehead","Megadeth | Megadeth Vault | Thrash Metal | remera | Megadeth Archive | Vic Rattlehead","images/vic_rattlehead/vic_realistic_edition.jpg","NO","archive","45"
"","","cd-megadeth-remastered--p6015","cd-megadeth-remastered-p6015","Remastered","6015","Singles | So Far, So Good... So What!","Megadeth | Megadeth Vault | Thrash Metal | So Far, So Good... So What! | remera | Megadeth Archive | Megadeth Singles","images/albums/SFSGSW/mary_jane_remastered.jpg","NO","catalog","58"
"","","cd-megadeth-cryptic-writings--remastered-blanco","cd-megadeth-cryptic-writings-remastered-blanco","Remastered (blanco)","8","Album | Cryptic Writings","Megadeth | Megadeth Vault | Thrash Metal | Cryptic Writings | remera | Megadeth Archive | Megadeth Albums","images/albums/Cryptic_Writings/cryptic_writings_remastered_white.jpg","NO","catalog","66"
"","","cd-megadeth-cryptic-writings--remastered-negro","cd-megadeth-cryptic-writings-remastered-negro","Remastered (negro)","8","Album | Cryptic Writings","Megadeth | Megadeth Vault | Thrash Metal | Cryptic Writings | remera | Megadeth Archive | Megadeth Albums","images/albums/Cryptic_Writings/cryptic_writings_remastered.jpg","NO","catalog","66"
"","","cd-megadeth-remastered-v2--p6015","cd-megadeth-remastered-v2-p6015","Remastered V2","6015","Singles | So Far, So Good... So What!","Megadeth | Megadeth Vault | Thrash Metal | So Far, So Good... So What! | remera | Megadeth Archive | Megadeth Singles","images/albums/SFSGSW/mary_jane_remasteredv2.jpg","NO","catalog","58"
"","","cd-megadeth-killing-is-my-bussines--retro","cd-megadeth-killing-is-my-bussines-retro","Retro","1","Album | Killing Is My Business... and Business Is Good!","Megadeth | Megadeth Vault | Thrash Metal | FMD Editions | Killing Is My Business... and Business Is Good! | remera | buzo_cuello_redondo | Megadeth Albums","images/albums/Killing_Is_my_bussines/kimb_retro.jpg","SI","featured","88"
"","","cd-megadeth-rip-era--p30","cd-megadeth-rip-era-p30","RIP Era","30","Musician","Megadeth | Megadeth Vault | Thrash Metal | remera | Megadeth Archive | Megadeth Members","images/musicians/Nick_Menza/nick_menza_rip_era.jpg","NO","catalog","56"
"","","cd-megadeth-rip-reimagined--p6032","cd-megadeth-rip-reimagined-p6032","RIP Reimagined","6032","Singles | Rust in Peace","Megadeth | Rust in Peace | Hangar 18 | Original FMD | Reimagined","images/albums/Rust_in_peace/rust in peace - re-imaginado/rip_fmd_frente.jpg","SI","hero","96"
"","","cd-megadeth-rip-tour--p30","cd-megadeth-rip-tour-p30","RIP Tour","30","Musician","Megadeth | Megadeth Vault | Thrash Metal | remera | Megadeth Archive | Megadeth Members","images/musicians/Nick_Menza/nick_menza_rip_tour.jpg","NO","catalog","56"
"","","cd-megadeth-rust-formation-fmd--p7003","cd-megadeth-rust-formation-fmd-p7003","Rust Formation FMD","7003","Buzo Cuello Redondo | Rust in Peace","Megadeth | Megadeth Vault | Thrash Metal | FMD Editions | Rust in Peace | buzo_cuello_redondo | Megadeth Archive","images/buzos cuello redondo/megadeth_rust_formation_original_fmd.jpg","SI","featured","78"
"","","cd-megadeth-rust-in-peace--rust-in-peace","cd-megadeth-rust-in-peace-rust-in-peace","Rust in Peace","4 | 5062 | 7002","Album | Hoodies FMD | Buzo Cuello Redondo | Rust in Peace","Megadeth | Megadeth Vault | Thrash Metal | FMD Editions | Rust in Peace | remera | Megadeth Albums | hoodie | Megadeth Archive | buzo_cuello_redondo","images/albums/Rust_in_peace/rust_in_peace.jpg","SI","featured","89"
"","","cd-megadeth-rust-in-peace--rust-in-peace-1990","cd-megadeth-rust-in-peace-rust-in-peace-1990","Rust in Peace 1990","5071","Hoodies FMD | Rust in Peace","Megadeth | Megadeth Vault | Thrash Metal | Rust in Peace | hoodie | Megadeth Archive","images/hoddies_fmd/rust_in_peace_1990.jpg","SI","featured","78"
"","","cd-megadeth-rust-in-peace--rust-in-peace-3d","cd-megadeth-rust-in-peace-rust-in-peace-3d","Rust in Peace 3D","4","Album | Rust in Peace","Megadeth | Megadeth Vault | Thrash Metal | FMD Editions | Rust in Peace | remera | Megadeth Albums","images/fmd-edition-3d/rust/rust_in_peace_3d_edition_frente.jpg","SI","featured","89"
"","","cd-megadeth-rust-in-peace--rust-in-peace-fmd","cd-megadeth-rust-in-peace-rust-in-peace-fmd","Rust in Peace FMD","7001","Buzo Cuello Redondo | Rust in Peace","Megadeth | Megadeth Vault | Thrash Metal | FMD Editions | Rust in Peace | buzo_cuello_redondo | Megadeth Archive","images/buzos cuello redondo/megadeth_rust_in_peace_original_fmd.jpg","SI","featured","78"
"","","cd-megadeth-rust-in-peace-lineup--p31","cd-megadeth-rust-in-peace-lineup-p31","Rust in Peace Lineup","31","Musician","Megadeth | Megadeth Vault | Thrash Metal | remera | Megadeth Archive | Megadeth Members","images/musicians/formaciones/rust_in_peace_lineup.png","NO","catalog","56"
"","","cd-megadeth-rusted-pieces--rusted-pieces","cd-megadeth-rusted-pieces-rusted-pieces","Rusted Pieces","5077 | 236","Hoodies FMD | Singles","Megadeth | Megadeth Vault | Thrash Metal | FMD Editions | hoodie | Original FMD | Invierno 2026 | remera | Megadeth Archive | Megadeth Singles","images/singles/rusted_pieces.jpg","SI","featured | catalog","84"
"","","cd-megadeth-rusted-pieces--rusted-pieces-fmd","cd-megadeth-rusted-pieces-rusted-pieces-fmd","Rusted Pieces FMD","236","Singles","Megadeth | Megadeth Vault | Thrash Metal | remera | Megadeth Archive | Megadeth Singles","images/singles/rusted_pieces_fmd.png","NO","catalog","58"
"","","cd-megadeth-so-far-so-good--so-far-3d","cd-megadeth-so-far-so-good-so-far-3d","So Far 3D","3","Album | So Far, So Good... So What!","Megadeth | Megadeth Vault | Thrash Metal | So Far, So Good... So What! | remera | Megadeth Archive | Megadeth Albums","images/fmd-edition-3d/so_far/so_far_3d_edition.jpg","NO","catalog","66"
"","","cd-megadeth-so-far-so-good--so-far-so-good-fmd","cd-megadeth-so-far-so-good-so-far-so-good-fmd","So Far So Good FMD","7006","Buzo Cuello Redondo | So Far, So Good... So What!","Megadeth | Megadeth Vault | Thrash Metal | FMD Editions | So Far, So Good... So What! | buzo_cuello_redondo | Megadeth Archive","images/buzos cuello redondo/megadeth_sfsgsw_fmd.jpg","SI","featured","78"
"","","cd-megadeth-super-collider--p15","cd-megadeth-super-collider-p15","Super Collider","15","Album | Super Collider","Megadeth | Megadeth Vault | Thrash Metal | Super Collider | remera | Megadeth Archive | Megadeth Albums","images/albums/Super_Collider/super_collider.jpg","NO","catalog","66"
"","","cd-megadeth-so-far-so-good--tapa","cd-megadeth-so-far-so-good-tapa","Tapa","3","Album | So Far, So Good... So What!","Megadeth | Megadeth Vault | Thrash Metal | So Far, So Good... So What! | remera | Megadeth Archive | Megadeth Albums","images/albums/SFSGSW/1-sfsgsw_tapa.jpg","NO","catalog","66"
"","","cd-megadeth-tapa-original--p9","cd-megadeth-tapa-original-p9","Tapa (Original)","9","Album | Risk","Megadeth | Megadeth Vault | Thrash Metal | Risk | remera | Megadeth Archive | Megadeth Albums","images/albums/Risk/risk_tapa.jpg","NO","catalog","66"
"","","cd-megadeth-tapa-remastered--p9","cd-megadeth-tapa-remastered-p9","Tapa (Remastered)","9","Album | Risk","Megadeth | Megadeth Vault | Thrash Metal | Risk | remera | Megadeth Archive | Megadeth Albums","images/albums/Risk/risk_tapa_remastered.jpg","NO","catalog","66"
"","","cd-megadeth-th1rt3en--p14","cd-megadeth-th1rt3en-p14","TH1RT3EN","14","Album | TH1RT3EN","Megadeth | Megadeth Vault | Thrash Metal | TH1RT3EN | remera | Megadeth Archive | Megadeth Albums","images/albums/13/13.jpg","NO","catalog","66"
"","","cd-megadeth-the-sick-the-dying-and-the-dead--the-sick-3d","cd-megadeth-the-sick-the-dying-and-the-dead-the-sick-3d","The Sick 3D","16","Album | The Sick, the Dying... and the Dead!","Megadeth | Megadeth Vault | Thrash Metal | The Sick, the Dying... and the Dead! | remera | Megadeth Archive | Megadeth Albums","images/fmd-edition-3d/sick/the_sick_fmd_3d.jpg","NO","catalog","66"
"","","cd-megadeth-the-sick-the-dying-and-the-dead--the-sick-the-dying-and-the-dead","cd-megadeth-the-sick-the-dying-and-the-dead-the-sick-the-dying-and-the-dead","The Sick, the Dying...And the Dead!","16 | 5022","Album | Singles | The Sick, the Dying... and the Dead!","Megadeth | Megadeth Vault | Thrash Metal | The Sick, the Dying... and the Dead! | remera | Megadeth Archive | Megadeth Albums | Megadeth Singles","images/albums/The_sick/the_sick_the_dying_and_the_dead.jpg","NO","catalog","66"
"","","cd-megadeth-the-system-fmd-edition--p11","cd-megadeth-the-system-fmd-edition-p11","The System FMD Edition","11","Album | The System Has Failed","Megadeth | Megadeth Vault | Thrash Metal | The System Has Failed | remera | Megadeth Archive | Megadeth Albums","images/fmd-edition-3d/system/the_system_fmd_edition.jpg","NO","catalog","66"
"","","cd-megadeth-the-system-has-failed--p11","cd-megadeth-the-system-has-failed-p11","The System Has Failed","11","Album | The System Has Failed","Megadeth | Megadeth Vault | Thrash Metal | The System Has Failed | remera | Megadeth Archive | Megadeth Albums","images/albums/TSHF/the_system_has_failed.jpg","NO","catalog","66"
"","","cd-megadeth-the-world-needs-a-hero--p10","cd-megadeth-the-world-needs-a-hero-p10","The World Needs a Hero","10","Album | The World Needs a Hero","Megadeth | Megadeth Vault | Thrash Metal | The World Needs a Hero | remera | Megadeth Archive | Megadeth Albums","images/albums/TWNAH/the_worlds_needs_a_hero.jpg","NO","catalog","66"
"","","cd-megadeth-tipping-point--p246","cd-megadeth-tipping-point-p246","Tipping Point","246","Singles","Megadeth | Megadeth Vault | Thrash Metal | remera | Megadeth Archive | Megadeth Singles","images/singles/tipping_point.jpg","NO","catalog","58"
"","","cd-megadeth-tipping-point--p5070","cd-megadeth-tipping-point-p5070","Tipping Point","5070","Hoodies FMD","Megadeth | Megadeth Vault | Thrash Metal | hoodie | Megadeth Archive","images/hoddies_fmd/tipping_point.jpg","NO","catalog","64"
"","","cd-megadeth-tour--tour-fmd","cd-megadeth-tour-tour-fmd","Tour FMD","7010","Buzo Cuello Redondo","Megadeth | Megadeth Vault | Thrash Metal | FMD Editions | buzo_cuello_redondo | Megadeth Archive | Tour Archive","images/buzos cuello redondo/megadeth_tour_fmd.jpg","SI","featured","78"
"","","cd-megadeth-tour-merch-2026-v1--p40","cd-megadeth-tour-merch-2026-v1-p40","Tour Merch 2026 v1","40","Tour","Megadeth | Megadeth Vault | Thrash Metal | remera | Megadeth Archive | Tour Archive | Argentina 2026","images/tours/Tour_argentina/tour_merch_2026-v1_frente.jpg","NO","catalog","62"
"","","cd-megadeth-tour-merch-2026-v2--p40","cd-megadeth-tour-merch-2026-v2-p40","Tour Merch 2026 v2","40","Tour","Megadeth | Megadeth Vault | Thrash Metal | remera | Megadeth Archive | Tour Archive | Argentina 2026","images/tours/Tour_argentina/tour_merch_2026-v2_frente.png","NO","catalog","62"
"","","cd-megadeth-tour-merch-2026-v3--p40","cd-megadeth-tour-merch-2026-v3-p40","Tour Merch 2026 v3","40","Tour","Megadeth | Megadeth Vault | Thrash Metal | remera | Megadeth Archive | Tour Archive | Argentina 2026","images/tours/Tour_argentina/tour_merch_2026-v3_frente.jpg","NO","catalog","62"
"","","cd-megadeth-youthanasia--train-of-consequences","cd-megadeth-youthanasia-train-of-consequences","Train of Consequences","6","Album | Youthanasia","Megadeth | Megadeth Vault | Thrash Metal | Youthanasia | remera | Megadeth Archive | Megadeth Albums","images/albums/Youthanasia/train_of_consequences.jpg","NO","catalog","66"
"","","cd-megadeth-twnah-fmd-edition--p10","cd-megadeth-twnah-fmd-edition-p10","TWNAH FMD Edition","10","Album | The World Needs a Hero","Megadeth | Megadeth Vault | Thrash Metal | The World Needs a Hero | remera | Megadeth Archive | Megadeth Albums","images/albums/TWNAH/twnah_fmd_edition.png","NO","catalog","66"
"","","cd-megadeth-twnah-fmd-edition-v2--p10","cd-megadeth-twnah-fmd-edition-v2-p10","TWNAH FMD Edition V2","10","Album | The World Needs a Hero","Megadeth | Megadeth Vault | Thrash Metal | The World Needs a Hero | remera | Megadeth Archive | Megadeth Albums","images/fmd-edition-3d/world_needs/the_world_needs_a_hero_3d_edition.jpg","NO","catalog","66"
"","","cd-megadeth-united-3d--p12","cd-megadeth-united-3d-p12","United 3D","12","Album | United Abominations","Megadeth | Megadeth Vault | Thrash Metal | United Abominations | remera | Megadeth Archive | Megadeth Albums","images/fmd-edition-3d/united/united_3d_edition.jpg","NO","catalog","66"
"","","cd-megadeth-united-3d-v2--p12","cd-megadeth-united-3d-v2-p12","United 3D V2","12","Album | United Abominations","Megadeth | Megadeth Vault | Thrash Metal | United Abominations | remera | Megadeth Archive | Megadeth Albums","images/fmd-edition-3d/united/united_3d_edition_v2.jpg","NO","catalog","66"
"","","cd-megadeth-united-abominations--p12","cd-megadeth-united-abominations-p12","United Abominations","12","Album | United Abominations","Megadeth | Megadeth Vault | Thrash Metal | United Abominations | remera | Megadeth Archive | Megadeth Albums","images/albums/United_Abominations/united_abominations.jpg","NO","catalog","66"
"","","cd-megadeth-united-vic-4horsemen--p12","cd-megadeth-united-vic-4horsemen-p12","United Vic 4Horsemen","12","Album | United Abominations","Megadeth | Megadeth Vault | Thrash Metal | United Abominations | remera | Megadeth Archive | Megadeth Albums","images/albums/United_Abominations/united_vic_4horsemen.png","NO","catalog","66"
"","","cd-megadeth-dystopia--v1-3d","cd-megadeth-dystopia-v1-3d","v1 3D","7","Album | Dystopia","Megadeth | Megadeth Vault | Thrash Metal | Dystopia | remera | Megadeth Archive | Megadeth Albums","images/fmd-edition-3d/dystopia/dystopia_3d_edition_v1.jpg","NO","catalog","66"
"","","cd-megadeth-dystopia--v2-fmd-3d","cd-megadeth-dystopia-v2-fmd-3d","v2 FMD 3D","7","Album | Dystopia","Megadeth | Megadeth Vault | Thrash Metal | Dystopia | remera | Megadeth Archive | Megadeth Albums","images/fmd-edition-3d/dystopia/dystopia_3d_edition_v2.jpg","NO","catalog","66"
"","","cd-megadeth-vic-friends-fmd-edition--p6023","cd-megadeth-vic-friends-fmd-edition-p6023","Vic & Friends — FMD Edition","6023","VicRattlehead","Megadeth | Megadeth Vault | Thrash Metal | FMD Editions | remera | Megadeth Archive | Vic Rattlehead","images/vic_rattlehead/vic_and_friends_original.jpg","NO","catalog","45"
"","","cd-megadeth-megadeth--vic-alien-fmd","cd-megadeth-megadeth-vic-alien-fmd","Vic Alien FMD","6028","VicRattlehead","Megadeth | VicRattlehead | Vic Rattlehead | Nuevo | FMD Edition","images/fmd-edition-3d/vic_tour_2026/vic_alien_fmd_edition.jpg","SI","hero","94"
"","","cd-megadeth-vic-arrested--p6030","cd-megadeth-vic-arrested-p6030","Vic Arrested","6030","VicRattlehead","Megadeth | Megadeth Vault | Thrash Metal | remera | Megadeth Archive | Vic Rattlehead","images/vic_rattlehead/vic_arrested.png","NO","archive","45"
"","","cd-megadeth-vic-bad-omen--p5027","cd-megadeth-vic-bad-omen-p5027","Vic Bad Omen","5027","VicRattlehead | Peace Sells... but Who's Buying?","Megadeth | Megadeth Vault | Thrash Metal | Peace Sells... but Who's Buying? | remera | Megadeth Archive | Vic Rattlehead","images/vic_rattlehead/vic_bad_omen.jpg","NO","archive","45"
"","","cd-megadeth-vic-bandera-blanco--p40","cd-megadeth-vic-bandera-blanco-p40","Vic Bandera Blanco","40","Tour","Megadeth | Megadeth Vault | Thrash Metal | remera | Megadeth Archive | Tour Archive | Argentina 2026","images/tours/Tour_argentina/vic_bandera_logo_blanco.jpg","NO","catalog","62"
"","","cd-megadeth-vic-bandera-dorado--p40","cd-megadeth-vic-bandera-dorado-p40","Vic Bandera Dorado","40","Tour","Megadeth | Megadeth Vault | Thrash Metal | remera | Megadeth Archive | Tour Archive | Argentina 2026","images/tours/Tour_argentina/vic_bandera_logo_dorado.jpg","NO","catalog","62"
"","","cd-megadeth-vic-black-friday--p5054","cd-megadeth-vic-black-friday-p5054","Vic Black Friday","5054","VicRattlehead | Peace Sells... but Who's Buying?","Megadeth | Megadeth Vault | Thrash Metal | Peace Sells... but Who's Buying? | remera | Megadeth Archive | Vic Rattlehead","images/vic_rattlehead/vic_black_friday.jpg","NO","archive","45"
"","","cd-megadeth-vic-celeste-y-blanco--p40","cd-megadeth-vic-celeste-y-blanco-p40","Vic Celeste y Blanco","40","Tour","Megadeth | Megadeth Vault | Thrash Metal | remera | Megadeth Archive | Tour Archive | Argentina 2026","images/vic_rattlehead/vic_celeste_y_blanco.jpg","NO","catalog","62"
"","","cd-megadeth-countdown-to-extinction--vic-cte-fmd-edition","cd-megadeth-countdown-to-extinction-vic-cte-fmd-edition","Vic CTE FMD Edition","5","Album | Countdown to Extinction","Megadeth | Megadeth Vault | Thrash Metal | Countdown to Extinction | remera | hoodie | buzo_cuello_redondo | Megadeth Archive | Megadeth Albums","images/fmd-edition-3d/countdown/vic_cte_fmd_edition.jpg","NO","catalog","66"
"","","cd-megadeth-megadeth--vic-digital","cd-megadeth-megadeth-vic-digital","Vic Digital","17","Album | Megadeth (2026)","Megadeth | Megadeth Vault | Thrash Metal | Megadeth (2026) | remera | Megadeth Archive | Megadeth Albums","images/albums/Megadeth/vic_digital.jpg","NO","catalog","66"
"","","cd-megadeth-vic-digital-dlb--p5073","cd-megadeth-vic-digital-dlb-p5073","Vic Digital DLB","5073","Hoodies FMD","Megadeth | Megadeth Vault | Thrash Metal | hoodie | Megadeth Archive","images/hoddies_fmd/vic_digital_dlb.jpg","NO","catalog","64"
"","","cd-megadeth-megadeth--vic-digital-v2","cd-megadeth-megadeth-vic-digital-v2","Vic Digital v2","17","Album | Megadeth (2026)","Megadeth | Megadeth Vault | Thrash Metal | Megadeth (2026) | remera | Megadeth Archive | Megadeth Albums","images/albums/Megadeth/vic_digital_v2.jpg","NO","catalog","66"
"","","cd-megadeth-vic-doctor--p6029","cd-megadeth-vic-doctor-p6029","Vic Doctor","6029","VicRattlehead","Megadeth | Megadeth Vault | Thrash Metal | remera | Megadeth Archive | Vic Rattlehead","images/vic_rattlehead/vic_doctor.png","NO","archive","45"
"","","cd-megadeth-vic-explosion--p425","cd-megadeth-vic-explosion-p425","Vic Explosion","425","VicRattlehead","Megadeth | Megadeth Vault | Thrash Metal | remera | Megadeth Archive | Vic Rattlehead","images/vic_rattlehead/vic_explosion.png","NO","archive","45"
"","","cd-megadeth-vic-face-black--p426","cd-megadeth-vic-face-black-p426","Vic Face Black","426","VicRattlehead","Megadeth | Megadeth Vault | Thrash Metal | remera | Megadeth Archive | Vic Rattlehead","images/vic_rattlehead/vic_face_black.png","NO","archive","45"
"","","cd-megadeth-youthanasia--vic-father","cd-megadeth-youthanasia-vic-father","Vic Father","6","Album | Youthanasia","Megadeth | Megadeth Vault | Thrash Metal | Youthanasia | remera | Megadeth Archive | Megadeth Albums","images/albums/Youthanasia/vic_father.jpg","NO","catalog","66"
"","","cd-megadeth-vic-father--p5063","cd-megadeth-vic-father-p5063","Vic Father","5063","Hoodies FMD","Megadeth | Megadeth Vault | Thrash Metal | hoodie | Megadeth Archive","images/hoddies_fmd/vic_father_original.jpg","NO","catalog","64"
"","","cd-megadeth-megadeth--vic-forever-fmd","cd-megadeth-megadeth-vic-forever-fmd","Vic Forever FMD","6028","VicRattlehead","Megadeth | VicRattlehead | Vic Rattlehead | Nuevo | FMD Edition","images/fmd-edition-3d/vic_tour_2026/vic_forever_fmd_edition.jpg","SI","hero","94"
"","","cd-megadeth-vic-gaucho-argentino--p39-v1","cd-megadeth-vic-gaucho-argentino-p39-v1","VIC GAUCHO ARGENTINO","39","Tour","Megadeth | Megadeth Vault | Thrash Metal | remera | Megadeth Archive | Tour Archive | Argentina 2026","images/tours/Vic_Gaucho_Argentino/vic_gaucho_original.jpg","NO","catalog","62"
"","","cd-megadeth-vic-gaucho-argentino--p39-v6","cd-megadeth-vic-gaucho-argentino-p39-v6","Vic Gaucho Argentino","39","Tour","Megadeth | Megadeth Vault | Thrash Metal | remera | Megadeth Archive | Tour Archive | Argentina 2026","images/vic_rattlehead/remera_megadeth_vic_gaucho_argentino.jpg","NO","catalog","62"
"","","cd-megadeth-vic-gaucho-argentino--p39","cd-megadeth-vic-gaucho-argentino-p39","Vic Gaucho Argentino","39","Tour","Megadeth | Megadeth Vault | Thrash Metal | remera | Megadeth Archive | Tour Archive | Argentina 2026","images/vic_rattlehead/hoodie_megadeth_vic_gaucho_argentino.jpg","NO","catalog","62"
"","","cd-megadeth-vic-gaucho-argentino-fmd--p39","cd-megadeth-vic-gaucho-argentino-fmd-p39","VIC GAUCHO ARGENTINO FMD","39","Tour","Megadeth | Megadeth Vault | Thrash Metal | remera | Megadeth Archive | Tour Archive | Argentina 2026","images/vic_rattlehead/vic_gaucho_fmd.jpg","NO","catalog","62"
"","","cd-megadeth-vic-helicopter--p5026","cd-megadeth-vic-helicopter-p5026","Vic Helicopter","5026","VicRattlehead","Megadeth | Megadeth Vault | Thrash Metal | remera | Megadeth Archive | Vic Rattlehead","images/vic_rattlehead/vic_helicopter.jpg","NO","archive","45"
"","","cd-megadeth-vic-kimb-vintage-real--p1066","cd-megadeth-vic-kimb-vintage-real-p1066","Vic Kimb Vintage Real","1066","VicRattlehead | Killing Is My Business... and Business Is Good!","Megadeth | Megadeth Vault | Thrash Metal | Killing Is My Business... and Business Is Good! | remera | Megadeth Archive | Vic Rattlehead","images/vic_rattlehead/vic_kimb_vintage_real.jpg","NO","archive","45"
"","","cd-megadeth-megadeth--vic-llamas-blanca","cd-megadeth-megadeth-vic-llamas-blanca","Vic Llamas Blanca","17","Album | Megadeth (2026)","Megadeth | Megadeth Vault | Thrash Metal | Megadeth (2026) | remera | Megadeth Archive | Megadeth Albums","images/albums/Megadeth/vic_llamas_blanca.jpg","NO","catalog","66"
"","","cd-megadeth-megadeth--vic-llamas-blanca-v2","cd-megadeth-megadeth-vic-llamas-blanca-v2","Vic Llamas Blanca v2","17","Album | Megadeth (2026)","Megadeth | Megadeth Vault | Thrash Metal | Megadeth (2026) | remera | Megadeth Archive | Megadeth Albums","images/albums/Megadeth/vic_llamas_blanca_v2.jpg","NO","catalog","66"
"","","cd-megadeth-vic-llamas-fmd-edition--p6025","cd-megadeth-vic-llamas-fmd-edition-p6025","Vic Llamas FMD Edition","6025","Album | Megadeth (2026)","Megadeth | Album | VicRattlehead | Vic Rattlehead | Último Disco | Nuevo | Doble Estampa","images/fmd-edition-3d/megadeth_last_album/vic_llamas_3d_edition_frente.jpg","SI","hero","92"
"","","cd-megadeth-megadeth--vic-llamas-fmd-edition","cd-megadeth-megadeth-vic-llamas-fmd-edition","VIC LLAMAS FMD EDITION","17","Album | Megadeth (2026)","Megadeth | Megadeth Vault | Thrash Metal | Megadeth (2026) | remera | Megadeth Archive | Megadeth Albums","images/fmd-edition-3d/megadeth_last_album/vic_llamas_3d_edition_frente.jpg","NO","catalog","66"
"","","cd-megadeth-megadeth--vic-llamas-negro","cd-megadeth-megadeth-vic-llamas-negro","Vic Llamas Negro","17","Album | Megadeth (2026)","Megadeth | Megadeth Vault | Thrash Metal | Megadeth (2026) | remera | Megadeth Archive | Megadeth Albums","images/albums/Megadeth/vic_llamas_negro.jpg","NO","catalog","66"
"","","cd-megadeth-megadeth--vic-llamas-negro-v2","cd-megadeth-megadeth-vic-llamas-negro-v2","Vic Llamas Negro v2","17","Album | Megadeth (2026)","Megadeth | Megadeth Vault | Thrash Metal | Megadeth (2026) | remera | Megadeth Archive | Megadeth Albums","images/albums/Megadeth/vic_llamas_negro-v2.jpg","NO","catalog","66"
"","","cd-megadeth-megadeth--vic-llamas-v3","cd-megadeth-megadeth-vic-llamas-v3","Vic Llamas v3","17","Album | Megadeth (2026)","Megadeth | Megadeth Vault | Thrash Metal | Megadeth (2026) | remera | Megadeth Archive | Megadeth Albums","images/albums/Megadeth/megadeth_2026_vic_llamas_v3.jpg","NO","catalog","66"
"","","cd-megadeth-vic-militar--vic-militar","cd-megadeth-vic-militar-vic-militar","Vic Militar","430 | 5075","VicRattlehead | Hoodies FMD","Megadeth | Megadeth Vault | Thrash Metal | remera | Megadeth Archive | Vic Rattlehead | hoodie","images/vic_rattlehead/vic_militar.png","NO","archive | catalog","64"
"","","cd-megadeth-vic-nuclear--p235","cd-megadeth-vic-nuclear-p235","Vic Nuclear","235","Singles","Megadeth | Megadeth Vault | Thrash Metal | remera | Megadeth Archive | Megadeth Singles","images/singles/vic_nuclear.jpg","NO","archive","58"
"","","cd-megadeth-vic-peace-25-black--p5051","cd-megadeth-vic-peace-25-black-p5051","Vic Peace 25 Black","5051","VicRattlehead | Peace Sells... but Who's Buying?","Megadeth | Megadeth Vault | Thrash Metal | Peace Sells... but Who's Buying? | remera | Megadeth Archive | Vic Rattlehead","images/vic_rattlehead/vic_peace_25_black.jpg","NO","catalog","45"
"","","cd-megadeth-vic-peace-25-white--p5051","cd-megadeth-vic-peace-25-white-p5051","Vic Peace 25 White","5051","VicRattlehead | Peace Sells... but Who's Buying?","Megadeth | Megadeth Vault | Thrash Metal | Peace Sells... but Who's Buying? | remera | Megadeth Archive | Vic Rattlehead","images/vic_rattlehead/vic_peace_25_white.jpg","NO","catalog","45"
"","","cd-megadeth-vic-pelea-v1--p246","cd-megadeth-vic-pelea-v1-p246","Vic Pelea V1","246","Singles","Megadeth | Megadeth Vault | Thrash Metal | remera | Megadeth Archive | Megadeth Singles","images/singles/vic_pelea_v1.jpg","NO","catalog","58"
"","","cd-megadeth-vic-pelea-v2--p246","cd-megadeth-vic-pelea-v2-p246","Vic Pelea V2","246","Singles","Megadeth | Megadeth Vault | Thrash Metal | remera | Megadeth Archive | Megadeth Singles","images/singles/vic_pelea_v2.jpg","NO","catalog","58"
"","","cd-megadeth-megadeth--vic-political","cd-megadeth-megadeth-vic-political","Vic Political","6028","VicRattlehead","Megadeth | VicRattlehead | Vic Rattlehead | Nuevo | FMD Edition","images/fmd-edition-3d/vic_tour_2026/vic_political.jpg","SI","hero","94"
"","","cd-megadeth-vic-promo-tour-2026--p5072","cd-megadeth-vic-promo-tour-2026-p5072","Vic Promo Tour 2026","5072","Hoodies FMD","Megadeth | Megadeth Vault | Thrash Metal | hoodie | Megadeth Archive | Tour Archive","images/hoddies_fmd/vic_promo_tour_2026.jpg","SI","featured","78"
"","","cd-megadeth-vic-punk--p427","cd-megadeth-vic-punk-p427","Vic Punk","427","VicRattlehead","Megadeth | Megadeth Vault | Thrash Metal | remera | Megadeth Archive | Vic Rattlehead","images/vic_rattlehead/vic_punk.png","NO","archive","45"
"","","cd-megadeth-megadeth--vic-punk-fmd","cd-megadeth-megadeth-vic-punk-fmd","Vic Punk FMD","6028","VicRattlehead","Megadeth | VicRattlehead | Vic Rattlehead | Nuevo | FMD Edition","images/fmd-edition-3d/vic_tour_2026/vic_punk_fmd_edition.jpg","SI","hero","94"
"","","cd-megadeth-vic-radioactivo--p428","cd-megadeth-vic-radioactivo-p428","Vic Radioactivo","428","VicRattlehead","Megadeth | Megadeth Vault | Thrash Metal | remera | Megadeth Archive | Vic Rattlehead","images/vic_rattlehead/vic_radioactivo.jpg","NO","archive","45"
"","","cd-megadeth-vic-rattlehead-my-last-words--p304","cd-megadeth-vic-rattlehead-my-last-words-p304","Vic Rattlehead - My Last Words","304","VicRattlehead | Peace Sells... but Who's Buying?","Megadeth | Megadeth Vault | Thrash Metal | Peace Sells... but Who's Buying? | remera | Megadeth Archive | Vic Rattlehead","images/vic_rattlehead/vic_rattlehead_my_last_words.jpg","NO","catalog","45"
"","","cd-megadeth-vic-rip--p2815","cd-megadeth-vic-rip-p2815","Vic RIP","2815","Dave Mustaine | Rust in Peace","Megadeth | Megadeth Vault | Thrash Metal | Rust in Peace | remera | Megadeth Archive | Dave Mustaine Spotlight","images/musicians/Dave_Mustaine/dave_vic_rip.jpg","NO","catalog","60"
"","","cd-megadeth-vic-rust-muro--p5025","cd-megadeth-vic-rust-muro-p5025","Vic Rust Muro","5025","VicRattlehead | Rust in Peace","Megadeth | Megadeth Vault | Thrash Metal | Rust in Peace | remera | Megadeth Archive | Vic Rattlehead","images/vic_rattlehead/vic_rust_muro.jpg","NO","catalog","45"
"","","cd-megadeth-vic-sells-v1--p5029","cd-megadeth-vic-sells-v1-p5029","Vic Sells v1","5029","VicRattlehead | Peace Sells... but Who's Buying?","Megadeth | Megadeth Vault | Thrash Metal | Peace Sells... but Who's Buying? | remera | Megadeth Archive | Vic Rattlehead","images/vic_rattlehead/vic_sells.jpg","NO","catalog","45"
"","","cd-megadeth-vic-sells-v2--p5029","cd-megadeth-vic-sells-v2-p5029","Vic Sells v2","5029","VicRattlehead | Peace Sells... but Who's Buying?","Megadeth | Megadeth Vault | Thrash Metal | Peace Sells... but Who's Buying? | remera | Megadeth Archive | Vic Rattlehead","images/vic_rattlehead/vic_sells_v2.jpg","NO","catalog","45"
"","","cd-megadeth-vic-set-the-world-afire--p5028","cd-megadeth-vic-set-the-world-afire-p5028","Vic Set the World Afire","5028","VicRattlehead | So Far, So Good... So What!","Megadeth | Megadeth Vault | Thrash Metal | So Far, So Good... So What! | remera | Megadeth Archive | Vic Rattlehead","images/vic_rattlehead/vic_set_the_world_afire.jpg","NO","catalog","45"
"","","cd-megadeth-megadeth--vic-silent-fmd","cd-megadeth-megadeth-vic-silent-fmd","Vic Silent FMD","6028","VicRattlehead","Megadeth | VicRattlehead | Vic Rattlehead | Nuevo | FMD Edition","images/fmd-edition-3d/vic_tour_2026/vic_silent_fmd_edition.jpg","SI","hero","94"
"","","cd-megadeth-vic-symphony--p5030","cd-megadeth-vic-symphony-p5030","Vic Symphony","5030","VicRattlehead","Megadeth | Megadeth Vault | Thrash Metal | remera | Megadeth Archive | Vic Rattlehead","images/vic_rattlehead/vic_symphony.jpg","NO","archive","45"
"","","cd-megadeth-megadeth--vic-symphony-fmd","cd-megadeth-megadeth-vic-symphony-fmd","Vic Symphony FMD","6028","VicRattlehead","Megadeth | VicRattlehead | Vic Rattlehead | Nuevo | FMD Edition","images/fmd-edition-3d/vic_tour_2026/vic_symphony_fmd_edition.jpg","SI","hero","94"
"","","cd-megadeth-vic-symphony-music--p429","cd-megadeth-vic-symphony-music-p429","Vic Symphony Music","429","VicRattlehead","Megadeth | Megadeth Vault | Thrash Metal | remera | Megadeth Archive | Vic Rattlehead","images/vic_rattlehead/vic_symphony_music.png","NO","archive","45"
"","","cd-megadeth-vic-terminator--p5023","cd-megadeth-vic-terminator-p5023","Vic Terminator","5023","VicRattlehead","Megadeth | Megadeth Vault | Thrash Metal | remera | Megadeth Archive | Vic Rattlehead","images/vic_rattlehead/vic_terminator_frente.jpg","NO","archive","45"
"","","cd-megadeth-vic-the-arsenal-of-megadeth--p424","cd-megadeth-vic-the-arsenal-of-megadeth-p424","Vic The Arsenal of Megadeth","424","VicRattlehead","Megadeth | Megadeth Vault | Thrash Metal | remera | Megadeth Archive | Vic Rattlehead","images/vic_rattlehead/vic_the_arsenal_of_megadeth.png","NO","archive","45"
"","","cd-megadeth-the-sick-the-dying-and-the-dead--vic-the-sick-3d","cd-megadeth-the-sick-the-dying-and-the-dead-vic-the-sick-3d","Vic The Sick 3D","16","Album | The Sick, the Dying... and the Dead!","Megadeth | Megadeth Vault | Thrash Metal | The Sick, the Dying... and the Dead! | remera | Megadeth Archive | Megadeth Albums","images/fmd-edition-3d/sick/vic_the_sick_fmd_3d.jpg","NO","catalog","66"
"","","cd-megadeth-vic-the-sick-trono-v1--p5024","cd-megadeth-vic-the-sick-trono-v1-p5024","Vic The Sick Trono v1","5024","VicRattlehead | The Sick, the Dying... and the Dead!","Megadeth | Megadeth Vault | Thrash Metal | The Sick, the Dying... and the Dead! | remera | Megadeth Archive | Vic Rattlehead","images/vic_rattlehead/ts_v1.jpg","NO","catalog","45"
"","","cd-megadeth-vic-the-sick-trono-v2--p5024","cd-megadeth-vic-the-sick-trono-v2-p5024","Vic The Sick Trono v2","5024","VicRattlehead | The Sick, the Dying... and the Dead!","Megadeth | Megadeth Vault | Thrash Metal | The Sick, the Dying... and the Dead! | remera | Megadeth Archive | Vic Rattlehead","images/vic_rattlehead/ts_v2.jpg","NO","catalog","45"
"","","cd-megadeth-countdown-to-extinction--vic-time","cd-megadeth-countdown-to-extinction-vic-time","Vic Time","5","Album | Countdown to Extinction","Megadeth | Megadeth Vault | Thrash Metal | Countdown to Extinction | remera | hoodie | buzo_cuello_redondo | Megadeth Archive | Megadeth Albums","images/albums/Countdown_to_extinction/vic_time_frente.jpg","NO","catalog","66"
"","","cd-megadeth-vic-tour--vic-tour-2026","cd-megadeth-vic-tour-vic-tour-2026","Vic Tour 2026","405","Tour","Megadeth | Megadeth Vault | Thrash Metal | remera | Megadeth Archive | Tour Archive","images/tours/Tour_2026/vic_tour_2026_v4.png","NO","catalog","62"
"","","cd-megadeth-vic-tour--vic-tour-2026-v1","cd-megadeth-vic-tour-vic-tour-2026-v1","Vic Tour 2026 v1","320","Tour","Megadeth | Megadeth Vault | Thrash Metal | remera | Megadeth Archive | Tour Archive","images/tours/Tour_2026/vic_tour_2026_v1.jpg","NO","catalog","62"
"","","cd-megadeth-vic-tour--vic-tour-2026-v2","cd-megadeth-vic-tour-vic-tour-2026-v2","Vic Tour 2026 v2","320","Tour","Megadeth | Megadeth Vault | Thrash Metal | remera | Megadeth Archive | Tour Archive","images/tours/Tour_2026/vic_tour_2026_v2.jpg","NO","catalog","62"
"","","cd-megadeth-vic-tour--vic-tour-2026-v3","cd-megadeth-vic-tour-vic-tour-2026-v3","Vic Tour 2026 v3","320","Tour","Megadeth | Megadeth Vault | Thrash Metal | remera | Megadeth Archive | Tour Archive","images/tours/Tour_2026/vic_tour_2026_v3.jpg","NO","catalog","62"
"","","cd-megadeth-vic-tour--vic-tour-2026-v4","cd-megadeth-vic-tour-vic-tour-2026-v4","Vic Tour 2026 v4","320","Tour","Megadeth | Megadeth Vault | Thrash Metal | remera | Megadeth Archive | Tour Archive","images/tours/Tour_2026/vic_tour_2026_v4.png","NO","catalog","62"
"","","cd-megadeth-megadeth--vic-victory","cd-megadeth-megadeth-vic-victory","Vic Victory","6028","VicRattlehead","Megadeth | VicRattlehead | Vic Rattlehead | Nuevo | FMD Edition","images/fmd-edition-3d/vic_tour_2026/vic_victory.jpg","SI","hero","94"
"","","cd-megadeth-megadeth--vic-warheads-fmd","cd-megadeth-megadeth-vic-warheads-fmd","Vic Warheads FMD","6028","VicRattlehead","Megadeth | VicRattlehead | Vic Rattlehead | Nuevo | FMD Edition","images/fmd-edition-3d/vic_tour_2026/vic_warheads.jpg","SI","hero","94"
"","","cd-megadeth-warhead-red--p2815","cd-megadeth-warhead-red-p2815","Warhead Red","2815","Dave Mustaine | Rust in Peace","Megadeth | Megadeth Vault | Thrash Metal | Rust in Peace | remera | Megadeth Archive | Dave Mustaine Spotlight","images/musicians/Dave_Mustaine/warhead_red.jpg","NO","catalog","60"
"","","cd-megadeth-youth-era--p30","cd-megadeth-youth-era-p30","Youth Era","30","Musician","Megadeth | Megadeth Vault | Thrash Metal | remera | Megadeth Archive | Megadeth Members","images/musicians/Nick_Menza/nick_menza_youth_era.jpg","NO","catalog","56"
"","","cd-megadeth-youthanasia--youthanasia","cd-megadeth-youthanasia-youthanasia","Youthanasia","6 | 5064","Album | Hoodies FMD | Youthanasia","Megadeth | Megadeth Vault | Thrash Metal | Youthanasia | remera | Megadeth Archive | Megadeth Albums | hoodie","images/albums/Youthanasia/youthanasia.jpg","SI","catalog | featured","78"
"","","cd-megadeth-youthanasia--youthanasia-fmd","cd-megadeth-youthanasia-youthanasia-fmd","Youthanasia FMD","7007","Buzo Cuello Redondo | Youthanasia","Megadeth | Megadeth Vault | Thrash Metal | FMD Editions | Youthanasia | buzo_cuello_redondo | Megadeth Archive","images/buzos cuello redondo/megadeth_youthanasia_original_fmd.jpg","SI","featured","78"
